SnapshotAt,Date,Sport,SportId,League,Home,Away,EventId,CanonicalId,StartUtc,HomeOdds,DrawOdds,AwayOdds,Source,PublicBase
2026-06-28T10:00:01+02:00,2026-06-28,football,1,World Cup 2026,South Africa,Canada,731677090,345274818,2026-06-28T19:00:00+00:00,6.31,3.88,1.668,1XBET_PUBLIC_LINEFEED,https://q1ayxwi7tuwrn.bar
2026-06-28T10:00:01+02:00,2026-06-28,football,1,Brazil. Campeonato Brasileiro. Serie B,Athletic Club MG,Avai,730907726,344327820,2026-06-28T19:00:00+00:00,1.97,3.24,3.885,1XBET_PUBLIC_LINEFEED,https://q1ayxwi7tuwrn.bar
2026-06-28T10:00:01+02:00,2026-06-28,football,1,Brazil. Campeonato Brasileiro. Serie B,Atletico Clube Goianiense,Associacao Atletica Ponte Preta,731150045,344638330,2026-06-28T19:00:00+00:00,1.42,4.15,7.8,1XBET_PUBLIC_LINEFEED,https://q1ayxwi7tuwrn.bar
2026-06-28T10:00:01+02:00,2026-06-28,football,1,Brazil. Campeonato Brasileiro. Serie B,Esporte Clube Juventude,Ceara,730907723,344327818,2026-06-28T19:00:00+00:00,2.06,3.02,3.895,1XBET_PUBLIC_LINEFEED,https://q1ayxwi7tuwrn.bar
2026-06-28T10:00:01+02:00,2026-06-28,football,1,Sweden. Superettan,IFK Norrkoping,Norrby,730857454,344247394,2026-06-28T13:00:00+00:00,1.43,4.65,6.28,1XBET_PUBLIC_LINEFEED,https://q1ayxwi7tuwrn.bar
2026-06-28T10:00:01+02:00,2026-06-28,football,1,Sweden. Superettan,Landskrona BoIS,IFK Varnamo,731094571,344251762,2026-06-28T13:00:00+00:00,1.88,3.64,3.74,1XBET_PUBLIC_LINEFEED,https://q1ayxwi7tuwrn.bar
2026-06-28T10:00:01+02:00,2026-06-28,football,1,Sweden. Superettan,Sandvikens,Helsingborgs,731094577,344566490,2026-06-28T15:00:00+00:00,2.08,3.62,3.16,1XBET_PUBLIC_LINEFEED,https://q1ayxwi7tuwrn.bar
2026-06-28T10:00:01+02:00,2026-06-28,football,1,Sweden. Superettan,Home,Away,731109540,344585546,2026-06-28T13:00:00+00:00,1.376,8.1,4.72,1XBET_PUBLIC_LINEFEED,https://q1ayxwi7tuwrn.bar
2026-06-28T10:00:01+02:00,2026-06-28,football,1,Club Friendlies,F91 Dudelange,Crossing Schaerbeek,732303188,345862116,2026-06-28T09:00:00+00:00,1.51,4.25,4.91,1XBET_PUBLIC_LINEFEED,https://q1ayxwi7tuwrn.bar
2026-06-28T10:00:01+02:00,2026-06-28,football,1,Club Friendlies,Brondby,Hvidovre,732217513,345862120,2026-06-28T11:00:00+00:00,1.53,4.15,4.855,1XBET_PUBLIC_LINEFEED,https://q1ayxwi7tuwrn.bar
2026-06-28T10:00:01+02:00,2026-06-28,football,1,Club Friendlies,Fredrikstad,Elfsborg,732362311,346037622,2026-06-28T12:00:00+00:00,2.24,3.7,2.856,1XBET_PUBLIC_LINEFEED,https://q1ayxwi7tuwrn.bar
2026-06-28T10:00:01+02:00,2026-06-28,football,1,Club Friendlies,Hallescher,Gornik Zabrze,732212945,345827066,2026-06-28T12:00:00+00:00,8.95,6.15,1.26,1XBET_PUBLIC_LINEFEED,https://q1ayxwi7tuwrn.bar
2026-06-28T10:00:01+02:00,2026-06-28,football,1,Club Friendlies,KS Wieczysta Krakow,Dynamo Kyiv,732279386,342633628,2026-06-28T12:00:00+00:00,5.19,4.45,1.54,1XBET_PUBLIC_LINEFEED,https://q1ayxwi7tuwrn.bar
2026-06-28T10:00:01+02:00,2026-06-28,football,1,Club Friendlies,AIK,Vasteras SK,732445033,346194164,2026-06-28T12:00:00+00:00,2.21,3.78,2.46,1XBET_PUBLIC_LINEFEED,https://q1ayxwi7tuwrn.bar
2026-06-28T10:00:01+02:00,2026-06-28,football,1,Club Friendlies,NK Aluminij,Noah Yerevan,732439298,346183552,2026-06-28T12:00:00+00:00,2.918,4.09,1.91,1XBET_PUBLIC_LINEFEED,https://q1ayxwi7tuwrn.bar
2026-06-28T10:00:01+02:00,2026-06-28,football,1,Club Friendlies,Niva Vinnitsa,Epicentr,732438003,346181226,2026-06-28T13:00:00+00:00,8.95,5.33,1.23,1XBET_PUBLIC_LINEFEED,https://q1ayxwi7tuwrn.bar
2026-06-28T10:00:01+02:00,2026-06-28,football,1,Club Friendlies,KFC Nijlen,Lierse SK,732329746,345862118,2026-06-28T13:30:00+00:00,14.0,8.0,1.091,1XBET_PUBLIC_LINEFEED,https://q1ayxwi7tuwrn.bar
2026-06-28T10:00:01+02:00,2026-06-28,football,1,Club Friendlies,Molde,Bodo-Glimt,732402911,346037688,2026-06-28T13:45:00+00:00,3.095,4.1,2.0,1XBET_PUBLIC_LINEFEED,https://q1ayxwi7tuwrn.bar
2026-06-28T10:00:01+02:00,2026-06-28,football,1,Club Friendlies,Ferencvarosi,Sabah Baku,732441720,346173122,2026-06-28T14:30:00+00:00,1.73,3.98,4.21,1XBET_PUBLIC_LINEFEED,https://q1ayxwi7tuwrn.bar
2026-06-28T10:00:01+02:00,2026-06-28,football,1,Club Friendlies,Preussen Munster II,Westfalia Rhynern,732428576,346164536,2026-06-28T14:30:00+00:00,2.944,3.82,2.0,1XBET_PUBLIC_LINEFEED,https://q1ayxwi7tuwrn.bar
2026-06-28T10:00:01+02:00,2026-06-28,football,1,Club Friendlies,Mladost Lucani,Novi Pazar,732282829,345813866,2026-06-28T16:00:00+00:00,3.19,3.24,2.09,1XBET_PUBLIC_LINEFEED,https://q1ayxwi7tuwrn.bar
2026-06-28T10:00:01+02:00,2026-06-28,football,1,Club Friendlies,Odra Opole,CSKA Sofia,732442613,346187962,2026-06-28T16:00:00+00:00,5.9,4.5,1.48,1XBET_PUBLIC_LINEFEED,https://q1ayxwi7tuwrn.bar
2026-06-28T10:00:01+02:00,2026-06-28,football,1,Club Friendlies,Olimpija Ljubljana,Cukaricki,732282826,345840318,2026-06-28T16:00:00+00:00,1.686,3.74,4.17,1XBET_PUBLIC_LINEFEED,https://q1ayxwi7tuwrn.bar
2026-06-28T10:00:01+02:00,2026-06-28,football,1,UEFA European U19 Championship,Wales U19,Spain U19,732198798,345827072,2026-06-28T17:00:00+00:00,12.3,7.43,1.218,1XBET_PUBLIC_LINEFEED,https://q1ayxwi7tuwrn.bar
2026-06-28T10:00:01+02:00,2026-06-28,football,1,UEFA European U19 Championship,Germany U19,Denmark U19,732198801,345827082,2026-06-28T19:00:00+00:00,2.213,3.93,3.03,1XBET_PUBLIC_LINEFEED,https://q1ayxwi7tuwrn.bar
2026-06-28T10:00:01+02:00,2026-06-28,football,1,Belarus. Premier League,Dnepr Mogilev,Neman Grodno,731253019,344473652,2026-06-28T15:00:00+00:00,4.945,3.65,1.69,1XBET_PUBLIC_LINEFEED,https://q1ayxwi7tuwrn.bar
2026-06-28T10:00:01+02:00,2026-06-28,football,1,Belarus. Premier League,Isloch,Belshina Bobruisk,731253022,344473650,2026-06-28T15:30:00+00:00,1.32,4.9,9.4,1XBET_PUBLIC_LINEFEED,https://q1ayxwi7tuwrn.bar
2026-06-28T10:00:01+02:00,2026-06-28,football,1,Belarus. Premier League,Home,Away,731233096,344750054,2026-06-28T15:00:00+00:00,1.835,5.02,2.962,1XBET_PUBLIC_LINEFEED,https://q1ayxwi7tuwrn.bar
2026-06-28T10:00:01+02:00,2026-06-28,football,1,Kazakhstan. Premier League,Irtysh Pavlodar,Kaysar,730989689,344440670,2026-06-28T12:00:00+00:00,2.221,3.255,3.255,1XBET_PUBLIC_LINEFEED,https://q1ayxwi7tuwrn.bar
2026-06-28T10:00:01+02:00,2026-06-28,football,1,Kazakhstan. Premier League,Tobol Kostanay,Altay Ust-Kamenogorsk,730989680,344440676,2026-06-28T13:00:00+00:00,1.556,4.05,5.74,1XBET_PUBLIC_LINEFEED,https://q1ayxwi7tuwrn.bar
2026-06-28T10:00:01+02:00,2026-06-28,football,1,Kazakhstan. Premier League,Ulytau,Ordabasy,730989692,344440674,2026-06-28T13:00:00+00:00,4.955,3.6,1.711,1XBET_PUBLIC_LINEFEED,https://q1ayxwi7tuwrn.bar
2026-06-28T10:00:01+02:00,2026-06-28,football,1,Kazakhstan. Premier League,Jenis,Astana,730989686,344440712,2026-06-28T14:00:00+00:00,3.67,3.36,2.024,1XBET_PUBLIC_LINEFEED,https://q1ayxwi7tuwrn.bar
2026-06-28T10:00:01+02:00,2026-06-28,football,1,Kazakhstan. Premier League,Home,Away,730990631,344442782,2026-06-28T12:00:00+00:00,2.092,6.73,2.165,1XBET_PUBLIC_LINEFEED,https://q1ayxwi7tuwrn.bar
2026-06-28T10:00:01+02:00,2026-06-28,football,1,Iceland. Urvalsdeild,Hafnarfjordur,Íþrottabandalag Vestmannaeyja,730887608,344304946,2026-06-28T17:00:00+00:00,2.1,3.96,2.9,1XBET_PUBLIC_LINEFEED,https://q1ayxwi7tuwrn.bar
2026-06-28T10:00:01+02:00,2026-06-28,football,1,Iceland. Urvalsdeild,Keflavík,Knattspyrnufelag Reykjavíkur,731119665,344600748,2026-06-28T17:00:00+00:00,3.98,4.33,1.69,1XBET_PUBLIC_LINEFEED,https://q1ayxwi7tuwrn.bar
2026-06-28T10:00:01+02:00,2026-06-28,football,1,Iceland. Urvalsdeild,Stjarnan,Knattspyrnufelag Akureyrar,730887611,344304960,2026-06-28T17:00:00+00:00,2.09,4.1,2.849,1XBET_PUBLIC_LINEFEED,https://q1ayxwi7tuwrn.bar
2026-06-28T10:00:01+02:00,2026-06-28,football,1,Iceland. Urvalsdeild,Tor Akureyri,Valur,730887605,344304944,2026-06-28T17:00:00+00:00,3.725,4.3,1.75,1XBET_PUBLIC_LINEFEED,https://q1ayxwi7tuwrn.bar
2026-06-28T10:00:01+02:00,2026-06-28,football,1,Iceland. Urvalsdeild,Home,Away,731128953,344612632,2026-06-28T17:00:00+00:00,2.599,8.35,1.763,1XBET_PUBLIC_LINEFEED,https://q1ayxwi7tuwrn.bar
2026-06-28T10:00:01+02:00,2026-06-28,football,1,China. Superleague. Women,Shaanxi (Women),Sichuan (Women),732293626,345838706,2026-06-28T08:00:00+00:00,1.92,3.18,3.76,1XBET_PUBLIC_LINEFEED,https://q1ayxwi7tuwrn.bar
2026-06-28T10:00:01+02:00,2026-06-28,football,1,Japan. Regional League,RKU Dragons Ryugasaki,Nankatsu,732162600,345837678,2026-06-28T08:00:00+00:00,7.28,5.46,1.315,1XBET_PUBLIC_LINEFEED,https://q1ayxwi7tuwrn.bar
2026-06-28T10:00:01+02:00,2026-06-28,football,1,Russian Championship. League 2. Division B. Group 4,Ural II,Izhevsk,731954217,345619764,2026-06-28T08:00:00+00:00,2.26,3.62,2.76,1XBET_PUBLIC_LINEFEED,https://q1ayxwi7tuwrn.bar
2026-06-28T10:00:01+02:00,2026-06-28,football,1,South Korea. League K3,Dangjin Citizen,Gangneung City,731685408,345300302,2026-06-28T08:00:00+00:00,2.64,3.368,2.54,1XBET_PUBLIC_LINEFEED,https://q1ayxwi7tuwrn.bar
2026-06-28T10:00:01+02:00,2026-06-28,football,1,South Korea. League K4,Jecheon Citizen,Gijang United,731957535,345300558,2026-06-28T08:00:00+00:00,1.87,3.52,3.82,1XBET_PUBLIC_LINEFEED,https://q1ayxwi7tuwrn.bar
2026-06-28T10:00:01+02:00,2026-06-28,football,1,Australia. New South Wales Premier League U20,APIA Leichhardt U20,Rockdale Ilinden U20,731668541,345249766,2026-06-28T08:15:00+00:00,1.38,4.6,6.28,1XBET_PUBLIC_LINEFEED,https://q1ayxwi7tuwrn.bar
2026-06-28T10:00:01+02:00,2026-06-28,football,1,Australia. NPL Northern Territory. Reserve League,Darwin Olympic II,Azzurri United II,732454349,346201312,2026-06-28T08:30:00+00:00,2.762,3.95,2.18,1XBET_PUBLIC_LINEFEED,https://q1ayxwi7tuwrn.bar
2026-06-28T10:00:01+02:00,2026-06-28,football,1,Australia. NPL Northern Territory. Women,Darwin Olympic (Women),Litchfield (Women),732453516,346201310,2026-06-28T08:30:00+00:00,2.26,4.4,2.44,1XBET_PUBLIC_LINEFEED,https://q1ayxwi7tuwrn.bar
2026-06-28T10:00:01+02:00,2026-06-28,football,1,Japan. Regional League,Edo All United,Tokyo 23,732179626,345815282,2026-06-28T09:00:00+00:00,2.54,3.125,2.51,1XBET_PUBLIC_LINEFEED,https://q1ayxwi7tuwrn.bar
2026-06-28T10:00:01+02:00,2026-06-28,football,1,Japan. Regional League,Ikoma Nara,Arterivo Wakayama,732162597,345815280,2026-06-28T09:00:00+00:00,3.65,3.55,1.83,1XBET_PUBLIC_LINEFEED,https://q1ayxwi7tuwrn.bar
2026-06-28T10:00:01+02:00,2026-06-28,football,1,Myanmar Championship U20,Dagon Star United U20,Yadanarbon U20,732317237,345822634,2026-06-28T09:00:00+00:00,2.45,3.42,2.43,1XBET_PUBLIC_LINEFEED,https://q1ayxwi7tuwrn.bar
2026-06-28T10:00:01+02:00,2026-06-28,football,1,Thailand Championship. Women,BRU Burirat Academy (Women),Bangkok (Women),732155515,345838766,2026-06-28T09:00:00+00:00,10.7,7.8,1.122,1XBET_PUBLIC_LINEFEED,https://q1ayxwi7tuwrn.bar
2026-06-28T10:00:01+02:00,2026-06-28,tennis,4,ATP. Eastbourne,Zizou Bergs,Ugo Humbert,732341987,346064698,2026-06-28T10:00:00+00:00,3.66,,1.301,1XBET_PUBLIC_LINEFEED,https://q1ayxwi7tuwrn.bar
2026-06-28T10:00:01+02:00,2026-06-28,tennis,4,Challenger. Troyes. Qualification,John Sperle,Amit Vales,732373841,346082504,2026-06-28T08:00:00+00:00,1.3,,3.21,1XBET_PUBLIC_LINEFEED,https://q1ayxwi7tuwrn.bar
2026-06-28T10:00:01+02:00,2026-06-28,tennis,4,Challenger. Troyes. Qualification,Kenny de Schepper,Kai Wehnelt,732373843,346082764,2026-06-28T08:00:00+00:00,2.973,,1.343,1XBET_PUBLIC_LINEFEED,https://q1ayxwi7tuwrn.bar
2026-06-28T10:00:01+02:00,2026-06-28,tennis,4,ITF. Alkmaar. Women,Charlotte Narti,Margaux Maquet,732145541,346068740,2026-06-28T08:00:00+00:00,5.53,,1.096,1XBET_PUBLIC_LINEFEED,https://q1ayxwi7tuwrn.bar
2026-06-28T10:00:01+02:00,2026-06-28,tennis,4,ITF. Alkmaar. Women,Lian Tran,Isis Louise van den Broek,732132327,346068798,2026-06-28T08:00:00+00:00,3.835,,1.202,1XBET_PUBLIC_LINEFEED,https://q1ayxwi7tuwrn.bar
2026-06-28T10:00:01+02:00,2026-06-28,tennis,4,ITF. Nivelles. Qualifying. Qualification,Lawrence Bataljin,Louis Lou Langenaken,732437924,346144214,2026-06-28T08:00:00+00:00,2.564,,1.45,1XBET_PUBLIC_LINEFEED,https://q1ayxwi7tuwrn.bar
2026-06-28T10:00:01+02:00,2026-06-28,tennis,4,ITF. Nivelles. Qualifying. Qualification,Lucas Hammond,Lorenzo Balducci,732447689,346143928,2026-06-28T08:00:00+00:00,2.894,,1.36,1XBET_PUBLIC_LINEFEED,https://q1ayxwi7tuwrn.bar
2026-06-28T10:00:01+02:00,2026-06-28,tennis,4,ITF. Zagreb,Khumoyun Sultanov,Kalin Ivanovski,732383778,346109574,2026-06-28T08:00:00+00:00,1.68,,2.03,1XBET_PUBLIC_LINEFEED,https://q1ayxwi7tuwrn.bar
2026-06-28T10:00:01+02:00,2026-06-28,tennis,4,ITF. Aix-les-Bains. Women. Qualification,Amy Stevens,Tamara Bachmann,732467083,346145488,2026-06-28T08:30:00+00:00,1.063,,6.8,1XBET_PUBLIC_LINEFEED,https://q1ayxwi7tuwrn.bar
2026-06-28T10:00:01+02:00,2026-06-28,tennis,4,ITF. Aix-les-Bains. Women. Qualification,Meline Lataste,Hanna Bougouffa,732467084,346145778,2026-06-28T08:30:00+00:00,1.183,,4.245,1XBET_PUBLIC_LINEFEED,https://q1ayxwi7tuwrn.bar
2026-06-28T10:00:01+02:00,2026-06-28,tennis,4,ITF. Aix-les-Bains. Women. Qualification,Paula Ormaechea,Alice Battesti,732466500,346145746,2026-06-28T08:30:00+00:00,2.234,,1.58,1XBET_PUBLIC_LINEFEED,https://q1ayxwi7tuwrn.bar
2026-06-28T10:00:01+02:00,2026-06-28,tennis,4,ITF. Aix-les-Bains. Women. Qualification,Zoe Ulrich,Alice Soulie,732463770,346145602,2026-06-28T08:30:00+00:00,1.66,,2.098,1XBET_PUBLIC_LINEFEED,https://q1ayxwi7tuwrn.bar
2026-06-28T10:00:01+02:00,2026-06-28,tennis,4,ITF. Monastir 2,Mathys Picard,Roger Pascual Ferra,732374318,346057748,2026-06-28T08:30:00+00:00,3.98,,1.205,1XBET_PUBLIC_LINEFEED,https://q1ayxwi7tuwrn.bar
2026-06-28T10:00:01+02:00,2026-06-28,tennis,4,ITF. Monastir 2. Women,Karla Bartel,Arina Arifullina,732372383,346065182,2026-06-28T08:30:00+00:00,1.32,,3.09,1XBET_PUBLIC_LINEFEED,https://q1ayxwi7tuwrn.bar
2026-06-28T10:00:01+02:00,2026-06-28,tennis,4,UTR Pro Tennis Series. Budapest,Botond Kisantal,Gabor Hornung,732369964,346096556,2026-06-28T08:35:00+00:00,3.15,,1.289,1XBET_PUBLIC_LINEFEED,https://q1ayxwi7tuwrn.bar
2026-06-28T10:00:01+02:00,2026-06-28,tennis,4,UTR Pro Tennis Series. Budapest. Women,Given Roach,Cara Korhonen,732369969,346096654,2026-06-28T08:35:00+00:00,2.204,,1.564,1XBET_PUBLIC_LINEFEED,https://q1ayxwi7tuwrn.bar
2026-06-28T10:00:01+02:00,2026-06-28,tennis,4,Challenger. Brasov. Qualification,Luca Castelnuovo,Gabriel Ghetu,732346681,346063444,2026-06-28T09:00:00+00:00,2.525,,1.46,1XBET_PUBLIC_LINEFEED,https://q1ayxwi7tuwrn.bar
2026-06-28T10:00:01+02:00,2026-06-28,tennis,4,ITF. Elvas. Women. Qualification,Lauryn John-Baptiste,Coral Valle,732468683,346177202,2026-06-28T09:00:00+00:00,1.056,,7.1,1XBET_PUBLIC_LINEFEED,https://q1ayxwi7tuwrn.bar
2026-06-28T10:00:01+02:00,2026-06-28,tennis,4,ITF. Elvas. Women. Qualification,Madalena Matias,Teresa Franco Dias,732448295,346177204,2026-06-28T09:00:00+00:00,1.25,,3.565,1XBET_PUBLIC_LINEFEED,https://q1ayxwi7tuwrn.bar
2026-06-28T10:00:01+02:00,2026-06-28,tennis,4,ITF. Kursumlijska Banja,Branko Djuric,Andrea De Marchi,732372375,346044278,2026-06-28T09:00:00+00:00,1.34,,2.993,1XBET_PUBLIC_LINEFEED,https://q1ayxwi7tuwrn.bar
2026-06-28T10:00:01+02:00,2026-06-28,tennis,4,Challenger. Brasov. Qualification,Akira Santillan,Alejandro Mateo Berge Nourescu,732346090,346062820,2026-06-28T09:05:00+00:00,1.1,,5.6,1XBET_PUBLIC_LINEFEED,https://q1ayxwi7tuwrn.bar
2026-06-28T10:00:01+02:00,2026-06-28,tennis,4,Challenger. Brasov. Qualification,S D Prajwal Dev,Peter Makk,732346089,346062940,2026-06-28T09:05:00+00:00,6.1,,1.083,1XBET_PUBLIC_LINEFEED,https://q1ayxwi7tuwrn.bar
2026-06-28T10:00:01+02:00,2026-06-28,tennis,4,Challenger. Milan. Qualification,Jacopo Bilardo,Mathys Erhard,732383792,346069468,2026-06-28T09:30:00+00:00,3.565,,1.25,1XBET_PUBLIC_LINEFEED,https://q1ayxwi7tuwrn.bar
2026-06-28T10:00:01+02:00,2026-06-28,tennis,4,Challenger. Milan. Qualification,Mili Poljicak,Alejo Sanchez Quilez,732383802,346069388,2026-06-28T09:30:00+00:00,1.68,,2.06,1XBET_PUBLIC_LINEFEED,https://q1ayxwi7tuwrn.bar
2026-06-28T10:00:01+02:00,2026-06-28,tennis,4,Challenger. Milan. Qualification,Niccolo Ciavarella,Georgii Kravchenko,732383794,346070274,2026-06-28T09:30:00+00:00,6.3,,1.076,1XBET_PUBLIC_LINEFEED,https://q1ayxwi7tuwrn.bar
2026-06-28T10:00:01+02:00,2026-06-28,tennis,4,Challenger. Troyes. Qualification,Jesse Delaney,Fryderyk Lechno-Wasiutynski,732383805,346082202,2026-06-28T09:30:00+00:00,7.6,,1.047,1XBET_PUBLIC_LINEFEED,https://q1ayxwi7tuwrn.bar
2026-06-28T10:00:01+02:00,2026-06-28,tennis,4,Challenger. Troyes. Qualification,Maxime Chazal,Rodrigo Alujas,732383807,346082156,2026-06-28T09:30:00+00:00,1.131,,4.95,1XBET_PUBLIC_LINEFEED,https://q1ayxwi7tuwrn.bar
2026-06-28T10:00:01+02:00,2026-06-28,tennis,4,ITF. Ajaccio. Qualification,Robin Eldin,Jake Fellows,732415202,346142624,2026-06-28T09:30:00+00:00,5.5,,1.104,1XBET_PUBLIC_LINEFEED,https://q1ayxwi7tuwrn.bar
2026-06-28T10:00:01+02:00,2026-06-28,tennis,4,ITF. Nivelles. Qualifying. Qualification,Justin Lenders,Axel Huysmans,732447687,346144308,2026-06-28T09:30:00+00:00,2.215,,1.59,1XBET_PUBLIC_LINEFEED,https://q1ayxwi7tuwrn.bar
2026-06-28T10:00:01+02:00,2026-06-28,tennis,4,ITF. Nivelles. Qualifying. Qualification,Lenny Couturier,Melvin Vix,732447688,346144334,2026-06-28T09:30:00+00:00,1.02,,9.3,1XBET_PUBLIC_LINEFEED,https://q1ayxwi7tuwrn.bar
2026-06-28T10:00:01+02:00,2026-06-28,tennis,4,ITF. Nivelles. Qualifying. Qualification,Matis Vanderborght,Lenn Luemkemann,732462891,346146080,2026-06-28T09:30:00+00:00,8.3,,1.035,1XBET_PUBLIC_LINEFEED,https://q1ayxwi7tuwrn.bar
2026-06-28T10:00:01+02:00,2026-06-28,tennis,4,ITF. Rabat. Qualification,Nicolas Kobelt,Gioele Cerelli,732470714,346146120,2026-06-28T09:30:00+00:00,1.189,,4.195,1XBET_PUBLIC_LINEFEED,https://q1ayxwi7tuwrn.bar
2026-06-28T10:00:01+02:00,2026-06-28,tennis,4,ITF. Rabat. Qualification,Nishith Naveen,Anup Bangargi,732453393,346145040,2026-06-28T09:30:00+00:00,4.145,,1.193,1XBET_PUBLIC_LINEFEED,https://q1ayxwi7tuwrn.bar
2026-06-28T10:00:01+02:00,2026-06-28,tennis,4,ITF. Rabat. Qualification,Ricard Rodolfo Garavi Yepez,Ali Alshati,732411254,346144836,2026-06-28T09:30:00+00:00,1.833,,1.833,1XBET_PUBLIC_LINEFEED,https://q1ayxwi7tuwrn.bar
2026-06-28T10:00:01+02:00,2026-06-28,tennis,4,ITF. Rabat. Qualification,Sam Kydd Baumgartner,Fedor Dorokhov,732453394,346144900,2026-06-28T09:30:00+00:00,1.112,,5.3,1XBET_PUBLIC_LINEFEED,https://q1ayxwi7tuwrn.bar
2026-06-28T10:00:01+02:00,2026-06-28,tennis,4,ITF. Alkmaar,Pieter De Lange,Marc Majdandzic,732388286,346095834,2026-06-28T10:00:00+00:00,1.72,,1.98,1XBET_PUBLIC_LINEFEED,https://q1ayxwi7tuwrn.bar
2026-06-28T10:00:01+02:00,2026-06-28,tennis,4,ITF. Elvas. Women. Qualification,Francisca Laundes,Emma Mazzoni,732434089,346174774,2026-06-28T10:00:00+00:00,1.84,,1.84,1XBET_PUBLIC_LINEFEED,https://q1ayxwi7tuwrn.bar
2026-06-28T10:00:01+02:00,2026-06-28,tennis,4,ITF. Elvas. Women. Qualification,Mariana Franca,Khrystyna Vozniak,732434091,346174682,2026-06-28T10:00:00+00:00,8.0,,1.039,1XBET_PUBLIC_LINEFEED,https://q1ayxwi7tuwrn.bar
2026-06-28T10:00:01+02:00,2026-06-28,tennis,4,ITF. Elvas. Women. Qualification,Zoziya Kardava,Carlota Corte,732448293,346177240,2026-06-28T10:00:00+00:00,1.058,,7.0,1XBET_PUBLIC_LINEFEED,https://q1ayxwi7tuwrn.bar
2026-06-28T10:00:01+02:00,2026-06-28,tennis,4,ITF. Porto,Mert Alkaya,Carl Emil Overbeck,732388667,346083532,2026-06-28T10:00:00+00:00,1.83,,1.85,1XBET_PUBLIC_LINEFEED,https://q1ayxwi7tuwrn.bar
2026-06-28T10:00:01+02:00,2026-06-28,tennis,4,WTA. Eastbourne. Doubles,Dabrowski/Stefani,Maleckova/Skoch,732451342,346060414,2026-06-28T10:00:00+00:00,1.134,,4.85,1XBET_PUBLIC_LINEFEED,https://q1ayxwi7tuwrn.bar
2026-06-28T10:00:01+02:00,2026-06-28,tennis,4,Challenger. Brasov. Qualification,Dimitar Kuzmanov,Nitin Kumar Sinha,732349852,346068372,2026-06-28T10:30:00+00:00,1.009,,10.5,1XBET_PUBLIC_LINEFEED,https://q1ayxwi7tuwrn.bar
2026-06-28T10:00:01+02:00,2026-06-28,tennis,4,Challenger. Brasov. Qualification,Stefan Adrian Andreescu,Sebastian Gima,732346680,346063102,2026-06-28T10:30:00+00:00,2.341,,1.53,1XBET_PUBLIC_LINEFEED,https://q1ayxwi7tuwrn.bar
2026-06-28T10:00:01+02:00,2026-06-28,tennis,4,Challenger. Brasov. Qualification,Dragos Nicolae Cazacu,Olle Wallin,732346679,346063042,2026-06-28T10:35:00+00:00,2.813,,1.38,1XBET_PUBLIC_LINEFEED,https://q1ayxwi7tuwrn.bar
2026-06-28T10:00:01+02:00,2026-06-28,tennis,4,ITF. Elvas. Women. Qualification,Vanja Gudelj,Polina Isakova,732434090,346174640,2026-06-28T11:00:00+00:00,2.215,,1.59,1XBET_PUBLIC_LINEFEED,https://q1ayxwi7tuwrn.bar
2026-06-28T10:00:01+02:00,2026-06-28,tennis,4,ITF. Nivelles. Qualifying. Qualification,Felix Romeo,Cedric Stanke,732437923,346144322,2026-06-28T11:00:00+00:00,1.45,,2.564,1XBET_PUBLIC_LINEFEED,https://q1ayxwi7tuwrn.bar
2026-06-28T10:00:01+02:00,2026-06-28,tennis,4,ITF. Nivelles. Qualifying. Qualification,Otakar Ungerman,Sep De Visser,732453391,346143848,2026-06-28T11:00:00+00:00,8.6,,1.029,1XBET_PUBLIC_LINEFEED,https://q1ayxwi7tuwrn.bar
2026-06-28T10:00:01+02:00,2026-06-28,tennis,4,ITF. Rabat. Qualification,Ismail Ouled Abbou,Pablo De La Cierva Sanchez,732413653,346146982,2026-06-28T11:00:00+00:00,3.47,,1.296,1XBET_PUBLIC_LINEFEED,https://q1ayxwi7tuwrn.bar
2026-06-28T10:00:01+02:00,2026-06-28,tennis,4,ITF. Rabat. Qualification,Javier De Francisco-Aguirrebengoa Gonsalves,Mohammed Massine Allali,732435141,346176522,2026-06-28T11:00:00+00:00,1.083,,7.0,1XBET_PUBLIC_LINEFEED,https://q1ayxwi7tuwrn.bar
2026-06-28T10:00:01+02:00,2026-06-28,tennis,4,ITF. Tangier,Yassine Dlimi,Karim Bennani,732396977,346080228,2026-06-28T11:00:00+00:00,1.79,,1.89,1XBET_PUBLIC_LINEFEED,https://q1ayxwi7tuwrn.bar
2026-06-28T10:00:01+02:00,2026-06-28,handball,8,Friendly Tournament U20. National Teams,France U20,Spain U20,732467731,346209764,2026-06-28T09:00:00+00:00,5.53,11.7,1.22,1XBET_PUBLIC_LINEFEED,https://q1ayxwi7tuwrn.bar
2026-06-28T10:00:01+02:00,2026-06-28,handball,8,Friendly Tournament U20. National Teams,Switzerland U20,Germany U20,732462915,346209766,2026-06-28T11:30:00+00:00,8.0,13.0,1.1,1XBET_PUBLIC_LINEFEED,https://q1ayxwi7tuwrn.bar
2026-06-28T10:00:01+02:00,2026-06-28,hockey,2,RHL,Zvezda Samara,Akuly Kaliningrad,732120237,345807842,2026-06-28T08:00:00+00:00,2.07,6.27,2.07,1XBET_PUBLIC_LINEFEED,https://q1ayxwi7tuwrn.bar
2026-06-28T10:00:01+02:00,2026-06-28,hockey,2,RHL,Krylya Samara,Vityaz Tomsk,732121830,345807684,2026-06-28T08:40:00+00:00,2.09,6.06,2.09,1XBET_PUBLIC_LINEFEED,https://q1ayxwi7tuwrn.bar
2026-06-28T10:00:01+02:00,2026-06-28,hockey,2,RHL,Akuly Kaliningrad,Aviator Smolensk,732120238,345807844,2026-06-28T08:50:00+00:00,2.07,6.27,2.07,1XBET_PUBLIC_LINEFEED,https://q1ayxwi7tuwrn.bar
2026-06-28T10:00:01+02:00,2026-06-28,hockey,2,Tournament Magnitka Open,Metkie Strelki,Hitrye Lisy,732307970,345960792,2026-06-28T09:00:00+00:00,2.44,4.55,2.09,1XBET_PUBLIC_LINEFEED,https://q1ayxwi7tuwrn.bar
2026-06-28T10:00:01+02:00,2026-06-28,hockey,2,Dream League,Switzerland (Amateur),Canada (Amateur),732288325,346000102,2026-06-28T09:20:00+00:00,2.22,6.07,1.97,1XBET_PUBLIC_LINEFEED,https://q1ayxwi7tuwrn.bar
2026-06-28T10:00:01+02:00,2026-06-28,hockey,2,Dream League,USA (Amateur),Germany (Amateur),732288322,346000104,2026-06-28T10:25:00+00:00,2.15,6.1,2.02,1XBET_PUBLIC_LINEFEED,https://q1ayxwi7tuwrn.bar
2026-06-28T10:00:01+02:00,2026-06-28,tabletennis,10,Setka Cup,Orest Gura,Yuri Shmyndra,732359094,346078598,2026-06-28T08:05:00+00:00,1.727,,1.99,1XBET_PUBLIC_LINEFEED,https://q1ayxwi7tuwrn.bar
2026-06-28T10:00:01+02:00,2026-06-28,tabletennis,10,Setka Cup,Yaroslav Kovshun,Vitaly Vetrov,732359049,346075084,2026-06-28T08:05:00+00:00,1.68,,2.085,1XBET_PUBLIC_LINEFEED,https://q1ayxwi7tuwrn.bar
2026-06-28T10:00:01+02:00,2026-06-28,tabletennis,10,Masters. Russia,Dmitriy Barsukov,Igor Tyukhlov,732228278,345942684,2026-06-28T08:10:00+00:00,2.507,,1.51,1XBET_PUBLIC_LINEFEED,https://q1ayxwi7tuwrn.bar
2026-06-28T10:00:01+02:00,2026-06-28,tabletennis,10,TT-Cup. Czech Republic,Jan Skvrna,Kamil Kleprlik,732447667,346191520,2026-06-28T08:10:00+00:00,1.72,,2.0,1XBET_PUBLIC_LINEFEED,https://q1ayxwi7tuwrn.bar
2026-06-28T10:00:01+02:00,2026-06-28,tabletennis,10,Setka Cup,Stefan Jakimenko,Vasily Smyk,732364894,346077236,2026-06-28T08:20:00+00:00,2.24,,1.59,1XBET_PUBLIC_LINEFEED,https://q1ayxwi7tuwrn.bar
2026-06-28T10:00:01+02:00,2026-06-28,tabletennis,10,TT-Cup. Czech Republic,Ales Langer,Martin Sulc,732384313,346111102,2026-06-28T08:20:00+00:00,1.9,,1.8,1XBET_PUBLIC_LINEFEED,https://q1ayxwi7tuwrn.bar
2026-06-28T10:00:01+02:00,2026-06-28,tabletennis,10,Setka Cup,Yaroslav Sydorenko,Igor Kvak,732407962,346111796,2026-06-28T08:25:00+00:00,1.85,,1.85,1XBET_PUBLIC_LINEFEED,https://q1ayxwi7tuwrn.bar
2026-06-28T10:00:01+02:00,2026-06-28,tabletennis,10,TT-Cup. Czech Republic,Ondrej Knazik,Jan Osmera,732384314,346111106,2026-06-28T08:25:00+00:00,1.89,,1.81,1XBET_PUBLIC_LINEFEED,https://q1ayxwi7tuwrn.bar
2026-06-28T10:00:01+02:00,2026-06-28,tabletennis,10,Masters. Russia,Sergey Makarov,Ivan Iordanov,732234822,345956812,2026-06-28T08:30:00+00:00,1.47,,2.643,1XBET_PUBLIC_LINEFEED,https://q1ayxwi7tuwrn.bar
2026-06-28T10:00:01+02:00,2026-06-28,tabletennis,10,Masters. Russia,Grigory Tikhomirov,Dmitriy Barsukov,732228568,345942678,2026-06-28T08:30:00+00:00,1.51,,2.507,1XBET_PUBLIC_LINEFEED,https://q1ayxwi7tuwrn.bar
2026-06-28T10:00:01+02:00,2026-06-28,tabletennis,10,Pro League,Anton Ganibaev,Igor Zemit,732457802,346206428,2026-06-28T08:30:00+00:00,1.659,,2.04,1XBET_PUBLIC_LINEFEED,https://q1ayxwi7tuwrn.bar
2026-06-28T10:00:01+02:00,2026-06-28,tabletennis,10,Pro League. Czech Republic,Jemelka Libor,Patrik Hanel,732272554,345986530,2026-06-28T08:30:00+00:00,1.688,,1.998,1XBET_PUBLIC_LINEFEED,https://q1ayxwi7tuwrn.bar
2026-06-28T10:00:01+02:00,2026-06-28,tabletennis,10,Pro League. Czech Republic,Michal Kratochvil,Erik Mares,732265116,345976442,2026-06-28T08:30:00+00:00,2.279,,1.529,1XBET_PUBLIC_LINEFEED,https://q1ayxwi7tuwrn.bar
2026-06-28T10:00:01+02:00,2026-06-28,tabletennis,10,Pro League. Czech Republic,Milan Vrabec,Jaromir Cernik,732265154,345976384,2026-06-28T08:30:00+00:00,1.24,,3.485,1XBET_PUBLIC_LINEFEED,https://q1ayxwi7tuwrn.bar
2026-06-28T10:00:01+02:00,2026-06-28,tabletennis,10,Pro League. Czech Republic,Vladimir Cermak,Martin Sobisek,732265264,345976446,2026-06-28T08:30:00+00:00,1.85,,1.85,1XBET_PUBLIC_LINEFEED,https://q1ayxwi7tuwrn.bar
2026-06-28T10:00:01+02:00,2026-06-28,tabletennis,10,Pro League. Czech Republic,Matyas Navedla,Radim Urbaniec,732265126,345976368,2026-06-28T08:30:00+00:00,1.709,,1.969,1XBET_PUBLIC_LINEFEED,https://q1ayxwi7tuwrn.bar
2026-06-28T10:00:01+02:00,2026-06-28,tabletennis,10,Setka Cup,Alexander Zaykun,Artem Kasyanov,732347853,346066334,2026-06-28T08:30:00+00:00,3.715,,1.24,1XBET_PUBLIC_LINEFEED,https://q1ayxwi7tuwrn.bar
2026-06-28T10:00:01+02:00,2026-06-28,tabletennis,10,Setka Cup,Sergiy Kushnyrenko,Roman Goroh,732359118,346078594,2026-06-28T08:30:00+00:00,3.2,,1.31,1XBET_PUBLIC_LINEFEED,https://q1ayxwi7tuwrn.bar
2026-06-28T10:00:01+02:00,2026-06-28,tabletennis,10,Setka Cup,Yuri  Bondarenko,Daniil Gabrelian,732450330,346075056,2026-06-28T08:30:00+00:00,1.51,,2.42,1XBET_PUBLIC_LINEFEED,https://q1ayxwi7tuwrn.bar
2026-06-28T10:00:01+02:00,2026-06-28,tabletennis,10,Setka Cup,Oleksii Mitla,Sergey Kalenik,732359052,346075078,2026-06-28T08:35:00+00:00,2.134,,1.65,1XBET_PUBLIC_LINEFEED,https://q1ayxwi7tuwrn.bar
2026-06-28T10:00:01+02:00,2026-06-28,tabletennis,10,Setka Cup,Bogdan Zaika,Andrey Troyan,732358454,346075062,2026-06-28T08:35:00+00:00,1.82,,1.88,1XBET_PUBLIC_LINEFEED,https://q1ayxwi7tuwrn.bar
2026-06-28T10:00:01+02:00,2026-06-28,tabletennis,10,Pro League,Alexey Shershnev,Alexander Rybalkin,732351146,346069152,2026-06-28T08:45:00+00:00,1.22,,3.91,1XBET_PUBLIC_LINEFEED,https://q1ayxwi7tuwrn.bar
2026-06-28T10:00:01+02:00,2026-06-28,tabletennis,10,Pro League,Mikhail Mukhamedzhanov,Maxim Mameka,732340342,346050992,2026-06-28T08:45:00+00:00,2.707,,1.382,1XBET_PUBLIC_LINEFEED,https://q1ayxwi7tuwrn.bar
2026-06-28T10:00:01+02:00,2026-06-28,tabletennis,10,Masters. Russia,Aleksey Alekhin,Viktor Mansurov,732234823,345956814,2026-06-28T08:50:00+00:00,2.793,,1.42,1XBET_PUBLIC_LINEFEED,https://q1ayxwi7tuwrn.bar
2026-06-28T10:00:01+02:00,2026-06-28,tabletennis,10,Masters. Russia,Kirill Samarin,Dmitry Novikov,732276287,345988706,2026-06-28T08:50:00+00:00,2.889,,1.4,1XBET_PUBLIC_LINEFEED,https://q1ayxwi7tuwrn.bar
2026-06-28T10:00:01+02:00,2026-06-28,tabletennis,10,Setka Cup,Andrey Kotyash,Alexander Lipeiko,732365848,346077218,2026-06-28T08:50:00+00:00,1.83,,1.87,1XBET_PUBLIC_LINEFEED,https://q1ayxwi7tuwrn.bar
2026-06-28T10:00:01+02:00,2026-06-28,tabletennis,10,TT-Cup. Czech Republic,Marek Kulisek,Ondrej Fiklik,732384302,346111104,2026-06-28T08:50:00+00:00,1.81,,1.89,1XBET_PUBLIC_LINEFEED,https://q1ayxwi7tuwrn.bar
2026-06-28T10:00:01+02:00,2026-06-28,tabletennis,10,Setka Cup,Vladimir Dobrovolsky,Denys Kozoriz,732359016,346075058,2026-06-28T08:55:00+00:00,1.61,,2.202,1XBET_PUBLIC_LINEFEED,https://q1ayxwi7tuwrn.bar
2026-06-28T10:00:01+02:00,2026-06-28,tabletennis,10,TT-Cup. Czech Republic,Daniel Zelezny,Jan Osmera,732383772,346111160,2026-06-28T08:55:00+00:00,1.81,,1.89,1XBET_PUBLIC_LINEFEED,https://q1ayxwi7tuwrn.bar
2026-06-28T10:00:01+02:00,2026-06-28,tabletennis,10,Pro League,Andrey Zolotov,Alexander Pismenny,732302022,346015086,2026-06-28T09:00:00+00:00,1.72,,2.0,1XBET_PUBLIC_LINEFEED,https://q1ayxwi7tuwrn.bar
2026-06-28T10:00:01+02:00,2026-06-28,tabletennis,10,Pro League,Evgeniy Olhovoi,Timofey Razinkov,732270190,345980166,2026-06-28T09:00:00+00:00,1.61,,2.202,1XBET_PUBLIC_LINEFEED,https://q1ayxwi7tuwrn.bar
2026-06-28T10:00:01+02:00,2026-06-28,tabletennis,10,Pro League,Maxim Shulkov,Vladimir Selkin,732333568,346049118,2026-06-28T09:00:00+00:00,1.68,,2.06,1XBET_PUBLIC_LINEFEED,https://q1ayxwi7tuwrn.bar
2026-06-28T10:00:01+02:00,2026-06-28,tabletennis,10,Pro League. Minsk,Sergei Lysakovskii,Evgenii Mutianko,732255440,345966288,2026-06-28T09:00:00+00:00,1.44,,2.628,1XBET_PUBLIC_LINEFEED,https://q1ayxwi7tuwrn.bar
2026-06-28T10:00:01+02:00,2026-06-28,tabletennis,10,Russia. League DV,Pavel Kirdan,Vyacheslav Milichenko,732281553,345992132,2026-06-28T09:00:00+00:00,3.09,,1.299,1XBET_PUBLIC_LINEFEED,https://q1ayxwi7tuwrn.bar
2026-06-28T10:00:01+02:00,2026-06-28,tabletennis,10,Setka Cup,Sergey Buluy,Dmitry Krishtal,732359655,346078632,2026-06-28T09:00:00+00:00,3.91,,1.22,1XBET_PUBLIC_LINEFEED,https://q1ayxwi7tuwrn.bar
2026-06-28T10:00:01+02:00,2026-06-28,tabletennis,10,Setka Cup,Vladimir Tatarnikov,Sergey Aristarkhov,732347847,346066332,2026-06-28T09:00:00+00:00,1.9,,1.8,1XBET_PUBLIC_LINEFEED,https://q1ayxwi7tuwrn.bar
2026-06-28T10:00:01+02:00,2026-06-28,tabletennis,10,Setka Cup,Egor Oprishchenko,Eugene Goloborodko,732366853,346089530,2026-06-28T09:00:00+00:00,2.323,,1.404,1XBET_PUBLIC_LINEFEED,https://q1ayxwi7tuwrn.bar
2026-06-28T10:00:01+02:00,2026-06-28,tabletennis,10,Setka Cup,Dmitriy Hairov,Yuriy Volkov,732359022,346075112,2026-06-28T09:05:00+00:00,2.153,,1.64,1XBET_PUBLIC_LINEFEED,https://q1ayxwi7tuwrn.bar
2026-06-28T10:00:01+02:00,2026-06-28,tabletennis,10,Setka Cup,Vitaly Boyko,Orest Gura,732359010,346075052,2026-06-28T09:05:00+00:00,2.03,,1.7,1XBET_PUBLIC_LINEFEED,https://q1ayxwi7tuwrn.bar
2026-06-28T10:00:01+02:00,2026-06-28,tabletennis,10,Masters. Russia,Viktor Lyashenko,Eugene Luppa,732276288,345988708,2026-06-28T09:10:00+00:00,1.88,,1.88,1XBET_PUBLIC_LINEFEED,https://q1ayxwi7tuwrn.bar
2026-06-28T10:00:01+02:00,2026-06-28,tabletennis,10,Pro League,Ilya Novikov,Artem Poidashev,732351749,346069148,2026-06-28T09:15:00+00:00,1.72,,2.0,1XBET_PUBLIC_LINEFEED,https://q1ayxwi7tuwrn.bar
2026-06-28T10:00:01+02:00,2026-06-28,tabletennis,10,Pro League,Roman Zelensky,Igor Amelichkin,732325153,346038836,2026-06-28T09:15:00+00:00,2.589,,1.415,1XBET_PUBLIC_LINEFEED,https://q1ayxwi7tuwrn.bar
2026-06-28T10:00:01+02:00,2026-06-28,tabletennis,10,Setka Cup. Czech Republic,David Brichacek,Filip Kubos,732373834,346066732,2026-06-28T09:15:00+00:00,1.378,,2.724,1XBET_PUBLIC_LINEFEED,https://q1ayxwi7tuwrn.bar
2026-06-28T10:00:01+02:00,2026-06-28,tabletennis,10,Setka Cup,Vasily Smyk,Sergey Solomko,732365857,346077204,2026-06-28T09:20:00+00:00,2.808,,1.39,1XBET_PUBLIC_LINEFEED,https://q1ayxwi7tuwrn.bar
2026-06-28T10:00:01+02:00,2026-06-28,tabletennis,10,TT-Cup. Czech Republic,Jean-Baptiste Cousin,Ondrej Knazik,732383322,346111164,2026-06-28T09:25:00+00:00,1.54,,2.347,1XBET_PUBLIC_LINEFEED,https://q1ayxwi7tuwrn.bar
2026-06-28T10:00:01+02:00,2026-06-28,tabletennis,10,Masters. Russia,Dmitry Novikov,Viktor Lyashenko,732276289,345988710,2026-06-28T09:30:00+00:00,1.63,,2.241,1XBET_PUBLIC_LINEFEED,https://q1ayxwi7tuwrn.bar
2026-06-28T10:00:01+02:00,2026-06-28,tabletennis,10,Pro League,Aleksandr Gusev,Petr Polyakov,732302018,346015078,2026-06-28T09:30:00+00:00,1.5,,2.449,1XBET_PUBLIC_LINEFEED,https://q1ayxwi7tuwrn.bar
2026-06-28T10:00:01+02:00,2026-06-28,tabletennis,10,Pro League,Andrey Shmakov,Konstantin Bystrushkin,732270178,345980142,2026-06-28T09:30:00+00:00,2.47,,1.49,1XBET_PUBLIC_LINEFEED,https://q1ayxwi7tuwrn.bar
2026-06-28T10:00:01+02:00,2026-06-28,tabletennis,10,Pro League,Igor Zemit,Maxim Shulkov,732333580,346049692,2026-06-28T09:30:00+00:00,1.95,,1.76,1XBET_PUBLIC_LINEFEED,https://q1ayxwi7tuwrn.bar
2026-06-28T10:00:01+02:00,2026-06-28,tabletennis,10,Pro League. Minsk,Aleksandr Osadchii,Andrey Pontus,732256607,345966272,2026-06-28T09:30:00+00:00,1.35,,2.986,1XBET_PUBLIC_LINEFEED,https://q1ayxwi7tuwrn.bar
2026-06-28T10:00:01+02:00,2026-06-28,volleyball,6,FIVB Nations League,Bulgaria,Ukraine,732378862,346097680,2026-06-28T11:00:00+00:00,2.669,,1.524,1XBET_PUBLIC_LINEFEED,https://q1ayxwi7tuwrn.bar
2026-06-28T10:00:01+02:00,2026-06-28,volleyball,6,FIVB Nations League,China,Germany,732378851,346097682,2026-06-28T11:00:00+00:00,4.425,,1.242,1XBET_PUBLIC_LINEFEED,https://q1ayxwi7tuwrn.bar
2026-06-28T10:00:01+02:00,2026-06-28,volleyball,6,FIVB Nations League,Iran,Cuba,732378858,346097686,2026-06-28T11:30:00+00:00,1.961,,1.919,1XBET_PUBLIC_LINEFEED,https://q1ayxwi7tuwrn.bar
2026-06-28T10:00:01+02:00,2026-06-28,volleyball,6,FIVB Nations League,Belgium,Turkey,732467720,346218310,2026-06-28T14:30:00+00:00,2.11,,1.795,1XBET_PUBLIC_LINEFEED,https://q1ayxwi7tuwrn.bar
2026-06-28T10:00:01+02:00,2026-06-28,volleyball,6,FIVB Nations League,Canada,Brazil,732380656,346097684,2026-06-28T14:30:00+00:00,5.09,,1.198,1XBET_PUBLIC_LINEFEED,https://q1ayxwi7tuwrn.bar
2026-06-28T10:00:01+02:00,2026-06-28,volleyball,6,FIVB Nations League,France,Japan,732380660,346102870,2026-06-28T15:00:00+00:00,2.312,,1.671,1XBET_PUBLIC_LINEFEED,https://q1ayxwi7tuwrn.bar
2026-06-28T10:00:01+02:00,2026-06-28,volleyball,6,FIVB Nations League,Poland,Argentina,732467716,346218316,2026-06-28T18:00:00+00:00,1.242,,4.425,1XBET_PUBLIC_LINEFEED,https://q1ayxwi7tuwrn.bar
2026-06-28T10:00:01+02:00,2026-06-28,volleyball,6,FIVB Nations League,Serbia,USA,732468237,346218600,2026-06-28T18:30:00+00:00,5.99,,1.157,1XBET_PUBLIC_LINEFEED,https://q1ayxwi7tuwrn.bar
2026-06-28T10:00:01+02:00,2026-06-28,volleyball,6,FIVB Nations League,Slovenia,Italy,732468227,346218596,2026-06-28T18:30:00+00:00,1.961,,1.919,1XBET_PUBLIC_LINEFEED,https://q1ayxwi7tuwrn.bar
2026-06-28T10:00:01+02:00,2026-06-28,volleyball,6,European Volleyball League,Netherlands,Israel,732349283,346066662,2026-06-28T11:00:00+00:00,1.189,,4.235,1XBET_PUBLIC_LINEFEED,https://q1ayxwi7tuwrn.bar
2026-06-28T10:00:01+02:00,2026-06-28,volleyball,6,European Volleyball League,Denmark,Finland,732117731,345651270,2026-06-28T15:00:00+00:00,2.193,,1.61,1XBET_PUBLIC_LINEFEED,https://q1ayxwi7tuwrn.bar
2026-06-28T10:00:01+02:00,2026-06-28,volleyball,6,European Volleyball League. Women,Slovakia (Women),Slovenia (Women),732117723,345783940,2026-06-28T16:00:00+00:00,2.977,,1.35,1XBET_PUBLIC_LINEFEED,https://q1ayxwi7tuwrn.bar
2026-06-28T10:00:01+02:00,2026-06-28,volleyball,6,Cambodia. Techo League,Phnom Penh Police,Svay Rieng Provincial Police Headquarters,732465930,346036306,2026-06-28T09:00:00+00:00,1.704,,1.976,1XBET_PUBLIC_LINEFEED,https://q1ayxwi7tuwrn.bar
2026-06-28T10:00:01+02:00,2026-06-28,volleyball,6,Belarus. Liga Pro,Lions-Pro,Enerdzhi-Pro,732470101,345981956,2026-06-28T09:25:00+00:00,1.9,,1.74,1XBET_PUBLIC_LINEFEED,https://q1ayxwi7tuwrn.bar
2026-06-28T10:00:01+02:00,2026-06-28,volleyball,6,AVC Cup,Bahrain,India,732369586,346085990,2026-06-28T10:00:00+00:00,2.31,,1.55,1XBET_PUBLIC_LINEFEED,https://q1ayxwi7tuwrn.bar
2026-06-28T10:00:01+02:00,2026-06-28,volleyball,6,Belarus. Liga Pro 4x4,Gladiatory-Pro (4x4),Storm-Pro (4x4),732269873,345981964,2026-06-28T10:55:00+00:00,1.7,,2.02,1XBET_PUBLIC_LINEFEED,https://q1ayxwi7tuwrn.bar
2026-06-28T10:00:01+02:00,2026-06-28,volleyball,6,Cambodia. Techo League,MVD Cambodia,Bodyguard Headquarter,732319433,346036298,2026-06-28T11:00:00+00:00,4.18,,1.171,1XBET_PUBLIC_LINEFEED,https://q1ayxwi7tuwrn.bar
2026-06-28T10:00:01+02:00,2026-06-28,volleyball,6,Belarus. Liga Pro 4x4,Varyagi-Pro (4x4),Thayfun-Pro (4x4),732269865,345981974,2026-06-28T11:35:00+00:00,2.02,,1.7,1XBET_PUBLIC_LINEFEED,https://q1ayxwi7tuwrn.bar
2026-06-28T10:00:01+02:00,2026-06-28,volleyball,6,Belarus. Liga Pro 4x4,Storm-Pro (4x4),Varyagi-Pro (4x4),732269867,345981966,2026-06-28T12:15:00+00:00,1.85,,1.85,1XBET_PUBLIC_LINEFEED,https://q1ayxwi7tuwrn.bar
2026-06-28T10:00:01+02:00,2026-06-28,volleyball,6,Belarus. Liga Pro 4x4,Thayfun-Pro (4x4),Gladiatory-Pro (4x4),732269871,345981960,2026-06-28T12:55:00+00:00,1.85,,1.85,1XBET_PUBLIC_LINEFEED,https://q1ayxwi7tuwrn.bar
2026-06-28T10:00:01+02:00,2026-06-28,volleyball,6,Brazil. Championship Paulista U19. Women,Vinhedo U19 (Women),Jundiai U19 (Women),732299939,345969136,2026-06-28T13:00:00+00:00,2.506,,1.441,1XBET_PUBLIC_LINEFEED,https://q1ayxwi7tuwrn.bar
2026-06-28T10:00:01+02:00,2026-06-28,volleyball,6,AVC Cup,South Korea,Indonesia,732386612,346111388,2026-06-28T13:30:00+00:00,1.203,,4.045,1XBET_PUBLIC_LINEFEED,https://q1ayxwi7tuwrn.bar
2026-06-28T10:00:01+02:00,2026-06-28,volleyball,6,Belarus. Liga Pro 4x4,Gladiatory-Pro (4x4),Varyagi-Pro (4x4),732269869,345981980,2026-06-28T13:35:00+00:00,1.7,,2.02,1XBET_PUBLIC_LINEFEED,https://q1ayxwi7tuwrn.bar
2026-06-28T10:00:01+02:00,2026-06-28,volleyball,6,Uruguay Championship. Division A. Women,La Franja (Women),Atletico Bohemios (Women),732459219,346036302,2026-06-28T17:00:00+00:00,3.395,,1.252,1XBET_PUBLIC_LINEFEED,https://q1ayxwi7tuwrn.bar
2026-06-28T10:00:01+02:00,2026-06-28,volleyball,6,Uruguay Championship,CBPS Azul,Enfoque,732381370,346036300,2026-06-28T20:55:00+00:00,1.458,,2.458,1XBET_PUBLIC_LINEFEED,https://q1ayxwi7tuwrn.bar
2026-06-28T10:00:01+02:00,2026-06-28,volleyball,6,Uruguay Championship. Women,Juan Ferreira (Women),Banco Republica B (Women),732382500,346097884,2026-06-28T22:00:00+00:00,1.252,,3.395,1XBET_PUBLIC_LINEFEED,https://q1ayxwi7tuwrn.bar
2026-06-28T10:00:01+02:00,2026-06-28,volleyball,6,Uruguay Championship. Women,Enfoque (Women),Defensor de Maldonado (Women),732377033,346097886,2026-06-28T22:30:00+00:00,1.615,,2.11,1XBET_PUBLIC_LINEFEED,https://q1ayxwi7tuwrn.bar
2026-06-28T10:00:01+02:00,2026-06-28,baseball,5,USA. MLB,Baltimore Orioles,Washington Nationals,732393383,346062728,2026-06-28T17:35:00+00:00,1.537,,2.703,1XBET_PUBLIC_LINEFEED,https://q1ayxwi7tuwrn.bar
2026-06-28T10:00:01+02:00,2026-06-28,baseball,5,USA. MLB,Pittsburgh Pirates,Cincinnati Reds,732393396,346062724,2026-06-28T17:35:00+00:00,1.782,,2.177,1XBET_PUBLIC_LINEFEED,https://q1ayxwi7tuwrn.bar
2026-06-28T10:00:01+02:00,2026-06-28,baseball,5,USA. MLB,Toronto Blue Jays,Texas Rangers,732393392,346062726,2026-06-28T17:37:00+00:00,1.804,,2.145,1XBET_PUBLIC_LINEFEED,https://q1ayxwi7tuwrn.bar
2026-06-28T10:00:01+02:00,2026-06-28,baseball,5,USA. MLB,Cleveland Guardians,Seattle Mariners,732393694,346106030,2026-06-28T17:40:00+00:00,1.929,,1.991,1XBET_PUBLIC_LINEFEED,https://q1ayxwi7tuwrn.bar
2026-06-28T10:00:01+02:00,2026-06-28,baseball,5,USA. MLB,Detroit Tigers,Houston Astros,732393388,346070368,2026-06-28T17:40:00+00:00,2.115,,1.826,1XBET_PUBLIC_LINEFEED,https://q1ayxwi7tuwrn.bar
2026-06-28T10:00:01+02:00,2026-06-28,baseball,5,USA. MLB,New York Mets,Philadelphia Phillies,732418824,346153762,2026-06-28T17:40:00+00:00,2.271,,1.724,1XBET_PUBLIC_LINEFEED,https://q1ayxwi7tuwrn.bar
2026-06-28T10:00:01+02:00,2026-06-28,baseball,5,USA. MLB,Tampa Bay Rays,Arizona Diamondbacks,732393698,346062852,2026-06-28T17:40:00+00:00,1.569,,2.611,1XBET_PUBLIC_LINEFEED,https://q1ayxwi7tuwrn.bar
2026-06-28T10:00:01+02:00,2026-06-28,baseball,5,USA. MLB,Chicago White Sox,Kansas City Royals,732394113,346063100,2026-06-28T18:10:00+00:00,1.775,,2.188,1XBET_PUBLIC_LINEFEED,https://q1ayxwi7tuwrn.bar
2026-06-28T10:00:01+02:00,2026-06-28,baseball,5,USA. MLB,Milwaukee Brewers,Chicago Cubs,732429347,346167048,2026-06-28T18:10:00+00:00,1.517,,2.767,1XBET_PUBLIC_LINEFEED,https://q1ayxwi7tuwrn.bar
2026-06-28T10:00:01+02:00,2026-06-28,baseball,5,USA. MLB,Minnesota Twins,Colorado Rockies,732401453,346127816,2026-06-28T18:10:00+00:00,1.691,,2.33,1XBET_PUBLIC_LINEFEED,https://q1ayxwi7tuwrn.bar
2026-06-28T10:00:01+02:00,2026-06-28,baseball,5,USA. MLB,St.Louis Cardinals,Miami Marlins,732427737,346167040,2026-06-28T18:15:00+00:00,1.783,,2.175,1XBET_PUBLIC_LINEFEED,https://q1ayxwi7tuwrn.bar
2026-06-28T10:00:01+02:00,2026-06-28,baseball,5,USA. MLB,Los Angeles Angels,Athletics,732414066,346147532,2026-06-28T19:15:00+00:00,2.04,,1.886,1XBET_PUBLIC_LINEFEED,https://q1ayxwi7tuwrn.bar
2026-06-28T10:00:01+02:00,2026-06-28,baseball,5,KBO. South Korea,Home (Runs),Away (Runs),732375093,346026644,2026-06-28T08:00:00+00:00,2.335,13.0,1.65,1XBET_PUBLIC_LINEFEED,https://q1ayxwi7tuwrn.bar
2026-06-28T10:00:01+02:00,2026-06-28,baseball,5,Japan. NPB,Saitama Seibu Lions,Hokkaido Nippon Ham Fighters,732301534,346013768,2026-06-28T09:00:00+00:00,1.899,,1.962,1XBET_PUBLIC_LINEFEED,https://q1ayxwi7tuwrn.bar
2026-06-28T10:00:01+02:00,2026-06-28,baseball,5,Japan. NPB,Yokohama DeNA BayStars,Yomiuri Giants,732301530,346013774,2026-06-28T09:15:00+00:00,1.962,,1.899,1XBET_PUBLIC_LINEFEED,https://q1ayxwi7tuwrn.bar
2026-06-28T10:00:01+02:00,2026-06-28,baseball,5,KBO. Futures League,KIA Tigers II,KT Wiz II,732178504,345914078,2026-06-28T08:00:00+00:00,1.69,,2.02,1XBET_PUBLIC_LINEFEED,https://q1ayxwi7tuwrn.bar
2026-06-28T10:00:01+02:00,2026-06-28,baseball,5,KBO. Futures League,Lotte Giants II,Ulsan Whales,732179013,345914074,2026-06-28T08:00:00+00:00,1.66,,2.098,1XBET_PUBLIC_LINEFEED,https://q1ayxwi7tuwrn.bar
2026-06-28T10:00:01+02:00,2026-06-28,baseball,5,Japan. NPB. Reserve League,Hanshin Tigers II,Yomiuri Giants II,732361915,346092110,2026-06-28T08:55:00+00:00,1.909,,1.72,1XBET_PUBLIC_LINEFEED,https://q1ayxwi7tuwrn.bar
2026-06-28T10:00:01+02:00,2026-06-28,baseball,5,Japan. NPB. Reserve League,Fukuoka SoftBank Hawks II,Oisix Niigata Albires II,732361919,346079938,2026-06-28T09:00:00+00:00,1.69,,1.95,1XBET_PUBLIC_LINEFEED,https://q1ayxwi7tuwrn.bar
2026-06-28T10:00:01+02:00,2026-06-28,baseball,5,Chinese Taipei. CPBL,CTBC Brothers,Rakuten Monkeys,732415884,346150726,2026-06-28T09:05:00+00:00,1.825,,2.025,1XBET_PUBLIC_LINEFEED,https://q1ayxwi7tuwrn.bar
2026-06-28T10:00:01+02:00,2026-06-28,baseball,5,Chinese Taipei. CPBL,Fubon Guardians,Wei Chuan Dragons,732415888,346150692,2026-06-28T09:05:00+00:00,2.025,,1.825,1XBET_PUBLIC_LINEFEED,https://q1ayxwi7tuwrn.bar
2026-06-28T10:00:01+02:00,2026-06-28,baseball,5,USA. MLB,San Francisco Giants,Atlanta Braves,732401748,346064592,2026-06-28T20:05:00+00:00,2.351,,1.681,1XBET_PUBLIC_LINEFEED,https://q1ayxwi7tuwrn.bar
2026-06-28T10:00:01+02:00,2026-06-28,baseball,5,USA. MLB,San Diego Padres,Los Angeles Dodgers,732401744,346064596,2026-06-28T20:10:00+00:00,2.157,,1.796,1XBET_PUBLIC_LINEFEED,https://q1ayxwi7tuwrn.bar
2026-06-28T10:00:01+02:00,2026-06-28,baseball,5,USA. MLB,Boston Red Sox,New York Yankees,732394109,346064790,2026-06-28T23:20:00+00:00,1.876,,2.051,1XBET_PUBLIC_LINEFEED,https://q1ayxwi7tuwrn.bar
2026-06-28T10:00:01+02:00,2026-06-28,cricket,66,T20 World Cup. 2026. Women,South Africa (Women),Bangladesh (Women),731966394,345490744,2026-06-28T09:30:00+00:00,1.052,25.0,10.6,1XBET_PUBLIC_LINEFEED,https://q1ayxwi7tuwrn.bar
2026-06-28T10:00:01+02:00,2026-06-28,cricket,66,T20 World Cup. 2026. Women,Australia (Women),India (Women),731966396,345452976,2026-06-28T13:30:00+00:00,1.377,25.0,3.135,1XBET_PUBLIC_LINEFEED,https://q1ayxwi7tuwrn.bar
2026-06-28T10:00:01+02:00,2026-06-28,cricket,66,India. Andhra Premier League,Simhadri Vizag Lions,Vijayawada Sunshiners,732434063,346114844,2026-06-28T08:30:00+00:00,1.694,25.0,2.146,1XBET_PUBLIC_LINEFEED,https://q1ayxwi7tuwrn.bar
2026-06-28T10:00:01+02:00,2026-06-28,cricket,66,Scotland. Regional Super Series,Western Warriors CC,Caledonian Highlanders,732331308,346051030,2026-06-28T08:30:00+00:00,4.015,25.0,1.202,1XBET_PUBLIC_LINEFEED,https://q1ayxwi7tuwrn.bar
2026-06-28T10:00:01+02:00,2026-06-28,cricket,66,India. Telangana League,Karimnagar Diamonds,Warangal Warriors,732307526,346022076,2026-06-28T08:45:00+00:00,2.12,25.0,1.7,1XBET_PUBLIC_LINEFEED,https://q1ayxwi7tuwrn.bar
2026-06-28T10:00:01+02:00,2026-06-28,cricket,66,Vitality Blast. League 2. Women,Kent (Women),Northamptonshire Steelbacks (Women),732259270,345918914,2026-06-28T09:30:00+00:00,2.128,25.0,1.706,1XBET_PUBLIC_LINEFEED,https://q1ayxwi7tuwrn.bar
2026-06-28T10:00:01+02:00,2026-06-28,cricket,66,Vitality Blast. League 2. Women,Leicestershire (Women),Glamorgan (Women),732265381,345918916,2026-06-28T09:30:00+00:00,3.615,25.0,1.283,1XBET_PUBLIC_LINEFEED,https://q1ayxwi7tuwrn.bar
2026-06-28T10:00:01+02:00,2026-06-28,cricket,66,Vitality Blast. League 2. Women,Worcestershire (Women),Sussex (Women),732262314,345918912,2026-06-28T09:30:00+00:00,1.625,25.0,2.268,1XBET_PUBLIC_LINEFEED,https://q1ayxwi7tuwrn.bar
2026-06-28T10:00:01+02:00,2026-06-28,cricket,66,England A (Women) vs India A (Women),England A (Women),India A (Women),732062750,345739860,2026-06-28T10:00:00+00:00,2.059,50.0,1.768,1XBET_PUBLIC_LINEFEED,https://q1ayxwi7tuwrn.bar
2026-06-28T10:00:01+02:00,2026-06-28,cricket,66,England vs New Zealand,England,New Zealand,732342063,346060312,2026-06-28T10:00:00+00:00,3.375,7.15,1.636,1XBET_PUBLIC_LINEFEED,https://q1ayxwi7tuwrn.bar
2026-06-28T10:00:01+02:00,2026-06-28,cricket,66,Rwanda Championship. RCA,Challengers CC,Tamil Lions CC,732341679,346060574,2026-06-28T11:00:00+00:00,2.328,25.0,1.568,1XBET_PUBLIC_LINEFEED,https://q1ayxwi7tuwrn.bar
2026-06-28T10:00:01+02:00,2026-06-28,cricket,66,Rwanda. Premier League,Challengers CC,Tamil Lions CC,732318445,346032566,2026-06-28T11:30:00+00:00,2.346,25.0,1.602,1XBET_PUBLIC_LINEFEED,https://q1ayxwi7tuwrn.bar
2026-06-28T10:00:01+02:00,2026-06-28,cricket,66,Republic of Ireland vs India,Republic of Ireland,India,732065262,345743650,2026-06-28T12:30:00+00:00,7.85,25.0,1.089,1XBET_PUBLIC_LINEFEED,https://q1ayxwi7tuwrn.bar
2026-06-28T10:00:01+02:00,2026-06-28,cricket,66,UAE. UPro Summer Cup,Dubai Royals,UUDS Tuskers,732310028,346023750,2026-06-28T13:00:00+00:00,1.482,25.0,2.627,1XBET_PUBLIC_LINEFEED,https://q1ayxwi7tuwrn.bar
2026-06-28T10:00:01+02:00,2026-06-28,cricket,66,Vitality Blast. Women,Essex (Women),The Blaze (Women),732276343,345932234,2026-06-28T13:00:00+00:00,2.576,25.0,1.497,1XBET_PUBLIC_LINEFEED,https://q1ayxwi7tuwrn.bar
2026-06-28T10:00:01+02:00,2026-06-28,cricket,66,India. Andhra Premier League,Amaravati Royals,Bhimavaram Bulls,732434064,346114846,2026-06-28T13:30:00+00:00,1.759,25.0,2.051,1XBET_PUBLIC_LINEFEED,https://q1ayxwi7tuwrn.bar
2026-06-28T10:00:01+02:00,2026-06-28,cricket,66,Vitality Blast,Derbyshire,Yorkshire County,732121252,345804282,2026-06-28T13:30:00+00:00,2.151,25.0,1.724,1XBET_PUBLIC_LINEFEED,https://q1ayxwi7tuwrn.bar
2026-06-28T10:00:01+02:00,2026-06-28,cricket,66,Vitality Blast,Leicestershire Foxes,Nottinghamshire Outlaws,732127200,345804736,2026-06-28T13:30:00+00:00,2.354,25.0,1.612,1XBET_PUBLIC_LINEFEED,https://q1ayxwi7tuwrn.bar
2026-06-28T10:00:01+02:00,2026-06-28,cricket,66,Vitality Blast,Middlesex,Durham,732111835,345794892,2026-06-28T13:30:00+00:00,2.354,25.0,1.612,1XBET_PUBLIC_LINEFEED,https://q1ayxwi7tuwrn.bar
2026-06-28T10:00:01+02:00,2026-06-28,cricket,66,Vitality Blast,Worcestershire Rapids,Somerset County,732121248,345807096,2026-06-28T13:30:00+00:00,2.313,25.0,1.632,1XBET_PUBLIC_LINEFEED,https://q1ayxwi7tuwrn.bar
2026-06-28T10:00:01+02:00,2026-06-28,cricket,66,Vitality Blast. Women,Hampshire Hawks (Women),Durham (Women),732073143,345750822,2026-06-28T13:30:00+00:00,1.694,25.0,2.146,1XBET_PUBLIC_LINEFEED,https://q1ayxwi7tuwrn.bar
2026-06-28T10:00:01+02:00,2026-06-28,cricket,66,Vitality Blast. Women,Lancashire Thunder (Women),Warwickshire Bears (Women),732069017,345747018,2026-06-28T13:30:00+00:00,1.729,25.0,2.093,1XBET_PUBLIC_LINEFEED,https://q1ayxwi7tuwrn.bar
2026-06-28T10:00:01+02:00,2026-06-28,cricket,66,Vitality Blast. Women,Somerset (Women),Surrey (Women),732071119,345749744,2026-06-28T13:30:00+00:00,2.309,25.0,1.605,1XBET_PUBLIC_LINEFEED,https://q1ayxwi7tuwrn.bar
2026-06-28T10:00:01+02:00,2026-06-28,cricket,66,West Indies vs Sri Lanka,West Indies,Sri Lanka,732384096,346110066,2026-06-28T14:00:00+00:00,1.055,14.3,33.0,1XBET_PUBLIC_LINEFEED,https://q1ayxwi7tuwrn.bar
2026-06-28T10:00:01+02:00,2026-06-28,cricket,66,Vitality Blast,Kent Spitfires,Hampshire Hawks,732120991,345806266,2026-06-28T14:30:00+00:00,2.333,25.0,1.622,1XBET_PUBLIC_LINEFEED,https://q1ayxwi7tuwrn.bar
2026-06-28T10:00:01+02:00,2026-06-28,cricket,66,UAE. UPro Summer Cup,GHK Properties,Evergreen Real Estate,732311580,346025048,2026-06-28T17:00:00+00:00,1.232,25.0,4.115,1XBET_PUBLIC_LINEFEED,https://q1ayxwi7tuwrn.bar
2026-06-28T10:00:01+02:00,2026-06-28,cricket,66,Kuwait. Falcons Champions Trophy,Phoenix Cricketers,MEC Study Group,732342062,345996994,2026-06-28T17:15:00+00:00,1.602,25.0,2.257,1XBET_PUBLIC_LINEFEED,https://q1ayxwi7tuwrn.bar
2026-06-28T10:00:01+02:00,2026-06-28,futsal,14,Brazil Championship. Women,Londrina (Women),Confianca-SE (Women),731067309,344537036,2026-06-28T14:00:00+00:00,1.26,4.56,7.55,1XBET_PUBLIC_LINEFEED,https://q1ayxwi7tuwrn.bar
2026-06-28T10:00:01+02:00,2026-06-28,futsal,14,Italy. Serie A,Meta Catania,L84,732458226,346207252,2026-06-28T19:00:00+00:00,1.853,4.5,3.095,1XBET_PUBLIC_LINEFEED,https://q1ayxwi7tuwrn.bar
2026-06-28T10:00:01+02:00,2026-06-28,futsal,14,Portugal Championship. Division A1,S.L. Benfica,Sporting,732458223,346207248,2026-06-28T19:00:00+00:00,2.42,4.6,2.17,1XBET_PUBLIC_LINEFEED,https://q1ayxwi7tuwrn.bar
2026-06-28T10:00:01+02:00,2026-06-28,futsal,14,Argentina Championship,Estrella de Boedo,Jorge Newbery,732470718,346215168,2026-06-28T22:00:00+00:00,2.17,4.2,2.43,1XBET_PUBLIC_LINEFEED,https://q1ayxwi7tuwrn.bar
