CheckedAt,Rank,Sport,Date,League,Home,Away,Pick,OfficialEntry,Decision,ValueVerdict,StakeAmount,Prob,PickOdds,LocalOdds,OneXBetManualOdds,OneXBetManualCheckedAt,OneXBetManualSource,OneXBetManualLeague,OneXBetManualEventDate,OneXBetManualStartUtc,OneXBetOddsAgeMin,OneXBetOddsFreshness,OneXBetOddsMaxAgeMin,OneXBetStartUtc,MinutesToStart,EventTimingStatus,OddsSourceUsed,FairOdds,MinEntryOdds,PriceGapPct,EVPercent,ActionVerdict,EntryReadiness,GateBlockers,BrainScore,ProbabilitySource,OneXBetStatus,RankScore,OddsFlag,Source,StrategyGate,ResultStatus,StartTimeLocal,HomeScore,AwayScore,PickOutcome,EntryOutcome,ResultSource,ResultNote,OneXBetEventId,OneXBetCanonicalId
2026-04-28T02:37:08+01:00,31,basketball,2026-04-27,Denmark Basketligaen,Bakken Bears,Horsens,Bakken Bears,no,WATCH,NO_BET_LOW_VALUE,0.0,0.805415,1.15,1.15,,,,,,,,LOCAL_OR_NO_1XBET_PRICE,60.0,,,UNKNOWN_START,LOCAL_SOURCE,1.242,1.26,9.58,-7.38,PRICE_TARGET_WAIT,PRICE_TARGET_ONLY,ev_below_minimum;price_below_target;unconfirmed_1xbet_event,72.76,market_consensus_strategy,NOT_CHECKED_LIMIT,22.159,NORMAL_FAV,data/raw/betexplorer_basketball_fixtures/denmark_basketligaen.csv,nan,FINISHED,2026-04-27 18:00 Africa/Algiers,89.0,79.0,CORRECT,NOT_OFFICIAL_ENTRY,https://www.sportytrader.com/en/results-live/bakken-bears-horsens-ic-8463263/,Basketligaen; SportyTrader listed Bakken Bears 89-79 Horsens IC.,,
2026-04-28T02:37:08+01:00,2,basketball,2026-04-27,Germany Bbl,Bayern,Rostock,Bayern,no,NO_ENTRY_VALUE,NO_BET_LOW_VALUE,0.0,0.874126,1.098,1.08,1.098,2026-04-27T14:40:29+01:00,1XBET_PUBLIC_API,Germany. BBL,2026-04-27,2026-04-27T18:00:00+00:00,2.8,FRESH,60.0,2026-04-27T18:00:00+00:00,256.7,SCHEDULED,1XBET_MANUAL,1.144,1.161,5.75,-4.02,PRICE_TARGET_WAIT,PRICE_TARGET_ONLY,ev_below_minimum;price_below_target,82.38,market_consensus_strategy,PUBLIC_ODDS_CONFIRMED,35.664,LOW_RETURN,data/raw/betexplorer_basketball_fixtures/germany_bbl.csv,nan,FINISHED,2026-04-27 20:00 Africa/Algiers,86.0,64.0,CORRECT,NOT_OFFICIAL_ENTRY,https://fcbayern.com/basketball/de/spiele/profis/bbl/25-26/fc-bayern-basketball-rostock-seawolves-08-03-2026/spielbericht,BBL; Bayern official report listed FC Bayern Basketball - Rostock Seawolves 86:64.,715978373,327452338
2026-04-28T02:37:08+01:00,7,basketball,2026-04-27,Czech Republic Nbl,Brno,Decin,Brno,no,NO_ENTRY_VALUE,NO_BET_LOW_VALUE,0.0,0.824089,1.123,1.11,1.123,2026-04-27T14:40:29+01:00,1XBET_PUBLIC_API,Czech Republic. NBL,2026-04-27,2026-04-27T16:00:00+00:00,2.8,FRESH,60.0,2026-04-27T16:00:00+00:00,136.7,SCHEDULED,1XBET_MANUAL,1.213,1.232,9.68,-7.45,PRICE_TARGET_WAIT,PRICE_TARGET_ONLY,ev_below_minimum;price_below_target,75.37,market_consensus_strategy,PUBLIC_ODDS_CONFIRMED,31.309,NORMAL_FAV,data/raw/betexplorer_basketball_fixtures/czech_republic_nbl.csv,nan,FINISHED,2026-04-27 17:00 Africa/Algiers,107.0,94.0,CORRECT,NOT_OFFICIAL_ENTRY,https://www.live-result.com/basketball/matches/match384704_Brno-Decin-online,Czech NBL quarterfinal; live-result listed Brno 107:94 Decin.,716112365,327576080
2026-04-28T02:37:08+01:00,1,basketball,2026-04-27,Russia Vtb United League,CSKA Moscow,Enisey,CSKA Moscow,no,NO_ENTRY_VALUE,NO_BET_LOW_VALUE,0.0,0.925165,1.011,1.02,1.011,2026-04-27T14:40:29+01:00,1XBET_PUBLIC_API,VTB United League,2026-04-27,2026-04-27T16:30:00+00:00,2.8,FRESH,60.0,2026-04-27T16:30:00+00:00,166.7,SCHEDULED,1XBET_MANUAL,1.081,1.097,8.52,-6.47,PRICE_TARGET_WAIT,PRICE_TARGET_ONLY,ev_below_minimum;price_below_target,89.52,market_consensus_strategy,PUBLIC_ODDS_CONFIRMED,38.0195,VERY_LOW_RETURN,data/raw/betexplorer_basketball_fixtures/russia_vtb_united_league.csv,nan,FINISHED,2026-04-27 17:30 Africa/Algiers,104.0,66.0,CORRECT,NOT_OFFICIAL_ENTRY,https://www.live-result.com/tips/basketball/tip374190-CSKA-Moscow-Enisey,VTB United League; live-result listed 27.04.2026 CSKA Moscow 104:66 Enisey.,714088281,325348234
2026-04-28T02:37:08+01:00,11,basketball,2026-04-27,Israel Super League,Hapoel HaEmek,Ironi Kiryat Ata,Hapoel HaEmek,no,WATCH,NO_BET_LOW_VALUE,0.0,0.799308,1.178,1.16,1.178,2026-04-27T14:40:29+01:00,1XBET_PUBLIC_API,Israel. Superleague,2026-04-27,2026-04-27T15:30:00+00:00,2.8,FRESH,60.0,2026-04-27T15:30:00+00:00,106.7,SCHEDULED,1XBET_MANUAL,1.251,1.27,7.8,-5.84,PRICE_TARGET_WAIT,PRICE_TARGET_ONLY,ev_below_minimum;price_below_target,71.83,market_consensus_strategy,PUBLIC_ODDS_CONFIRMED,30.2795,NORMAL_FAV,data/raw/betexplorer_basketball_fixtures/israel_super_league.csv,nan,FINISHED,2026-04-27 17:30 Africa/Algiers,77.0,64.0,CORRECT,NOT_OFFICIAL_ENTRY,https://livescores.biz/basketball/game_info/elitzur-kiryat-atta-elitzur-netanya-2024-12-01,Super League; livescores latest-results block listed Hapoel HaEmek - Elitzur Kiryat Ata 27 Apr 2026 77:64.,716101476,327540172
2026-04-28T02:37:08+01:00,27,basketball,2026-04-27,Slovenia Liga Otp Banka,KK Triglav Kranj,Podcetrtek,KK Triglav Kranj,no,NO_ENTRY_VALUE,NO_BET_LOW_VALUE,0.0,0.877598,1.06,1.06,,,,,,,,LOCAL_OR_NO_1XBET_PRICE,60.0,,,UNKNOWN_START,LOCAL_SOURCE,1.139,1.157,9.11,-6.97,PRICE_TARGET_WAIT,PRICE_TARGET_ONLY,ev_below_minimum;price_below_target;unconfirmed_1xbet_event,82.86,market_consensus_strategy,NOT_CHECKED_LIMIT,26.8475,LOW_RETURN,data/raw/betexplorer_basketball_fixtures/slovenia_liga_otp_banka.csv,nan,FINISHED,2026-04-27 17:30 Africa/Algiers,64.0,65.0,WRONG,NOT_OFFICIAL_ENTRY,https://www.sportytrader.com/en/results-live/triglav-elektro-gorenjska-prodaja-kk-terme-olimia-podcetrtek-8323027/,Slovenia 1. SKL; SportyTrader listed KK Triglav Kranj 64-65 KK Podcetrtek.,,
2026-04-28T02:37:08+01:00,6,basketball,2026-04-27,Russia Vtb United League,Lokomotiv Kuban,Parma Perm,Lokomotiv Kuban,no,WATCH,NO_BET_LOW_VALUE,0.0,0.808333,1.202,1.15,1.202,2026-04-27T14:40:29+01:00,1XBET_PUBLIC_API,VTB United League,2026-04-27,2026-04-27T17:00:00+00:00,2.8,FRESH,60.0,2026-04-27T17:00:00+00:00,196.7,SCHEDULED,1XBET_MANUAL,1.237,1.256,4.47,-2.84,PRICE_TARGET_WAIT,PRICE_TARGET_ONLY,ev_below_minimum;price_below_target,73.17,market_consensus_strategy,PUBLIC_ODDS_CONFIRMED,31.9325,NORMAL_FAV,data/raw/betexplorer_basketball_fixtures/russia_vtb_united_league.csv,nan,FINISHED,2026-04-27 18:00 Africa/Algiers,93.0,80.0,CORRECT,NOT_OFFICIAL_ENTRY,https://livescores.biz/fr/basketball/predictions/bc-lokomotiv-kuban-parma-permsky-kray-2026-04-27,VTB United League quarterfinal; livescores.biz listed Finished 93-80.,714089691,325349722
2026-04-28T02:37:08+01:00,32,basketball,2026-04-27,Philippines Mpbl,Meycauayan,Batang Kankaloo,Batang Kankaloo,no,WATCH,NO_BET_LOW_VALUE,0.0,0.779221,1.19,1.19,,,,,,,,LOCAL_OR_NO_1XBET_PRICE,60.0,,,UNKNOWN_START,LOCAL_SOURCE,1.283,1.303,9.46,-7.27,PRICE_TARGET_WAIT,PRICE_TARGET_ONLY,ev_below_minimum;price_below_target;unconfirmed_1xbet_event,67.01,market_consensus_strategy,NOT_CHECKED_LIMIT,19.61,NORMAL_FAV,data/raw/betexplorer_basketball_fixtures/philippines_mpbl.csv,nan,FINISHED,2026-04-27 14:00 Africa/Algiers,79.0,97.0,CORRECT,NOT_OFFICIAL_ENTRY,https://www.sofascore.com/es/basketball/match/meycauayan-marilao-gems-caloocan-batang-kankaloo/HDpcsyFKj,MPBL; Sofascore listed Meycauayan Marilao Gems 79-97 Batang Kankaloo.,,
2026-04-28T02:37:08+01:00,9,basketball,2026-04-27,Lithuania Lkl,Rytas,Siauliai,Rytas,no,NO_ENTRY_VALUE,NO_BET_LOW_VALUE,0.0,0.833583,1.057,1.11,1.057,2026-04-26T21:25:33+01:00,1XBET_PUBLIC_API,Lithuania. LKL,2026-04-27,2026-04-27T15:30:00+00:00,1037.8,STALE,60.0,2026-04-27T15:30:00+00:00,106.7,SCHEDULED,1XBET_MANUAL,1.2,1.218,15.2,-11.89,NO_BET_PRICE_TOO_LOW,NO_ENTRY,ev_below_minimum;price_below_target;stale_1xbet_price,76.7,market_consensus_strategy,PUBLIC_ODDS_CONFIRMED,30.3535,LOW_RETURN,data/raw/betexplorer_basketball_fixtures/lithuania_lkl.csv,nan,FINISHED,2026-04-27 16:30 Africa/Algiers,102.0,72.0,CORRECT,NOT_OFFICIAL_ENTRY,https://www.sportytrader.com/en/results-live/lietuvos-rytas-bc-siauliai-7798633/,LKL; SportyTrader listed final score BC Rytas Vilnius 102-72 BC Siauliai.,715852605,327305766
2026-04-28T02:37:08+01:00,29,basketball,2026-04-27,Estonia Korvpalli Meistriliiga,Tartu Ulikool,Parnu,Tartu Ulikool,no,NO_ENTRY_VALUE,NO_BET_LOW_VALUE,0.0,0.816558,1.13,1.13,,,,,,,,LOCAL_OR_NO_1XBET_PRICE,60.0,,,UNKNOWN_START,LOCAL_SOURCE,1.225,1.243,10.0,-7.73,NO_BET_PRICE_TOO_LOW,NO_ENTRY,ev_below_minimum;price_below_target;unconfirmed_1xbet_event,74.32,market_consensus_strategy,NOT_CHECKED_LIMIT,22.7385,NORMAL_FAV,data/raw/betexplorer_basketball_fixtures/estonia_korvpalli_meistriliiga.csv,nan,FINISHED,2026-04-27 18:00 Africa/Algiers,76.0,84.0,WRONG,NOT_OFFICIAL_ENTRY,https://www.365scores.com/en-us/basketball/match/korvpalli-meistriliiga-5901/korvpalliklubi-parnu-tartu-ulikool-5664-17454-5901,Korvpalli Meistriliiga; 365Scores listed Korvpalliklubi Parnu 84-76 Tartu Ulikool.,,
2026-04-28T02:37:08+01:00,8,tennis,2026-04-27,ITF. Bonita Springs. Women. Qualification,Alana Smith,Adriana Reami,Alana Smith,no,WATCH_TENNIS_MODEL_REQUIRED,NO_BET_LOW_VALUE,0.0,0.667105,1.29,1.29,1.29,2026-04-27T14:43:12+01:00,1XBET_PUBLIC_LINEFEED,ITF. Bonita Springs. Women. Qualification,2026-04-27,2026-04-27T15:30:00+00:00,0.1,FRESH,60.0,2026-04-27T15:30:00+00:00,106.7,SCHEDULED,1XBET_MANUAL,1.499,1.521,17.95,-13.94,NO_BET_PRICE_TOO_LOW,NO_ENTRY,ev_below_minimum;price_below_target,80.37,public_market_watch_strategy,PUBLIC_ODDS_CONFIRMED,31.2875,NORMAL_FAV,1xbet_public_linefeed_sport_4,"WATCH_ONLY: require active player model, injury/withdrawal check, surface fit, exact tournament round, and event id before review.",FINISHED,2026-04-27 16:35 Africa/Algiers,0.0,2.0,WRONG,NOT_OFFICIAL_ENTRY,https://www.sofascore.com/tennis/match/adriana-reami-alana-smith/epEbslxpc,ITF W100 Bonita Springs qualifying; Sofascore listed Alana Smith 0-2 Adriana Reami.,716305802.0,327804416.0
2026-04-28T02:37:08+01:00,4,tennis,2026-04-27,ATP. Madrid,Alexander Blockx,Felix Auger Aliassime,Felix Auger Aliassime,no,WATCH_TENNIS_MODEL_REQUIRED,NO_BET_LOW_VALUE,0.0,0.646534,1.392,1.392,1.392,2026-04-27T14:40:23+01:00,1XBET_PUBLIC_LINEFEED,ATP. Madrid,2026-04-27,2026-04-27T14:30:00+00:00,2.9,FRESH,60.0,2026-04-27T14:30:00+00:00,46.7,SCHEDULED,1XBET_MANUAL,1.547,1.57,12.78,-10.0,NO_BET_PRICE_TOO_LOW,NO_ENTRY,ev_below_minimum;price_below_target,81.87,public_market_watch_strategy,PUBLIC_ODDS_CONFIRMED,33.3415,NORMAL_FAV,1xbet_public_linefeed_sport_4,"WATCH_ONLY: require active player model, injury/withdrawal check, surface fit, exact tournament round, and event id before review.",FINISHED,2026-04-27 12:20 Africa/Algiers,2.0,0.0,WRONG,NOT_OFFICIAL_ENTRY,https://777score.com/tennis/matches/alexander-blockx-felix-auger-aliassime-2026-04-27,Madrid ATP; 777score listed Alexander Blockx 2-0 Felix Auger-Aliassime.,715806781.0,327253546.0
2026-04-28T02:37:08+01:00,13,tennis,2026-04-27,WTA. La Bisbal d'Emporda,Ashlyn Krueger,Storm Hunter,Ashlyn Krueger,no,WATCH_TENNIS_MODEL_REQUIRED,NO_BET_LOW_VALUE,0.0,0.611345,1.4,1.4,1.4,2026-04-27T14:40:23+01:00,1XBET_PUBLIC_LINEFEED,WTA. La Bisbal d'Emporda,2026-04-27,2026-04-27T16:30:00+00:00,2.9,FRESH,60.0,2026-04-27T16:30:00+00:00,166.7,SCHEDULED,1XBET_MANUAL,1.636,1.66,18.59,-14.41,NO_BET_PRICE_TOO_LOW,NO_ENTRY,ev_below_minimum;price_below_target,76.95,public_market_watch_strategy,PUBLIC_ODDS_CONFIRMED,29.584,NORMAL_FAV,1xbet_public_linefeed_sport_4,"WATCH_ONLY: require active player model, injury/withdrawal check, surface fit, exact tournament round, and event id before review.",FINISHED,2026-04-27 16:30 Africa/Algiers,2.0,1.0,CORRECT,NOT_OFFICIAL_ENTRY,https://777score.com/tennis/matches/ashlyn-krueger-storm-hunter-2026-04-27,WTA La Bisbal; 777score listed Ashlyn Krueger 2-1 Storm Hunter.,716174257.0,327638102.0
2026-04-28T02:37:08+01:00,5,tennis,2026-04-27,UTR Pro Tennis Series. Newport Beach. Women,Aya El Sayed,Susana Souhrada,Aya El Sayed,no,WATCH_TENNIS_MODEL_REQUIRED,NO_BET_LOW_VALUE,0.0,0.655998,1.343,1.343,1.343,2026-04-27T14:40:23+01:00,1XBET_PUBLIC_LINEFEED,UTR Pro Tennis Series. Newport Beach. Women,2026-04-27,2026-04-27T17:30:00+00:00,2.9,FRESH,60.0,2026-04-27T17:30:00+00:00,226.7,SCHEDULED,1XBET_MANUAL,1.524,1.547,15.21,-11.9,NO_BET_PRICE_TOO_LOW,NO_ENTRY,ev_below_minimum;price_below_target,81.08,public_market_watch_strategy,PUBLIC_ODDS_CONFIRMED,32.321,NORMAL_FAV,1xbet_public_linefeed_sport_4,"WATCH_ONLY: require active player model, injury/withdrawal check, surface fit, exact tournament round, and event id before review.",FINISHED,2026-04-27 17:30 Africa/Algiers,0.0,2.0,WRONG,NOT_OFFICIAL_ENTRY,https://scores24.live/en/tennis/m-27-04-2026-el-sayed-aya-souhrada-susana,UTR PTT Newport Beach Women; Scores24 listed Aya El Sayed 0-2 Susana Souhrada.,715730432.0,327203796.0
2026-04-28T02:37:08+01:00,14,tennis,2026-04-27,Challenger. Abidjan 2. Qualification,Elijah Sanogo,Jeremy Schifris,Jeremy Schifris,no,WATCH_TENNIS_MODEL_REQUIRED,NO_BET_LOW_VALUE,0.0,0.611345,1.4,1.4,1.4,2026-04-27T14:40:23+01:00,1XBET_PUBLIC_LINEFEED,Challenger. Abidjan 2. Qualification,2026-04-27,2026-04-27T18:00:00+00:00,2.9,FRESH,60.0,2026-04-27T18:00:00+00:00,256.7,SCHEDULED,1XBET_MANUAL,1.636,1.66,18.59,-14.41,NO_BET_PRICE_TOO_LOW,NO_ENTRY,ev_below_minimum;price_below_target,76.95,public_market_watch_strategy,PUBLIC_ODDS_CONFIRMED,29.584,NORMAL_FAV,1xbet_public_linefeed_sport_4,"WATCH_ONLY: require active player model, injury/withdrawal check, surface fit, exact tournament round, and event id before review.",FINISHED,2026-04-27 14:10 Africa/Algiers,2.0,1.0,WRONG,NOT_OFFICIAL_ENTRY,https://www.atptour.com/es/scores/current-challenger/abidjan/2997/results,ATP Challenger Abidjan 2; ATP listed Elijah Sanogo beat Jeremy Schifris 6-3 2-6 6-2.,716293564.0,327787350.0
2026-04-28T02:37:08+01:00,10,tennis,2026-04-27,ITF. Quito. Qualification,Juan Sebastian Dominguez Collado,Manuel Mouilleron Salvo,Manuel Mouilleron Salvo,no,WATCH_TENNIS_MODEL_REQUIRED,NO_BET_LOW_VALUE,0.0,0.638832,1.34,1.343,1.34,2026-04-27T14:40:23+01:00,1XBET_PUBLIC_LINEFEED,ITF. Quito. Qualification,2026-04-27,2026-04-27T16:30:00+00:00,2.9,FRESH,60.0,2026-04-27T16:30:00+00:00,166.7,SCHEDULED,1XBET_MANUAL,1.565,1.589,18.57,-14.4,NO_BET_PRICE_TOO_LOW,NO_ENTRY,ev_below_minimum;price_below_target,78.51,public_market_watch_strategy,PUBLIC_ODDS_CONFIRMED,30.2895,NORMAL_FAV,1xbet_public_linefeed_sport_4,"WATCH_ONLY: require active player model, injury/withdrawal check, surface fit, exact tournament round, and event id before review.",FINISHED,2026-04-27 17:17 Africa/Algiers,0.0,2.0,CORRECT,NOT_OFFICIAL_ENTRY,https://www.sofascore.com/pl/tennis/match/j-dominguez-collado-m-mouilleron-salvo/dQDcsUmRd,ITF M15 Quito 2; Sofascore listed Juan Dominguez Collado 0-2 Manuel Mouilleron Salvo.,716263255.0,327754342.0
2026-04-28T02:37:08+01:00,12,tennis,2026-04-27,Challenger. Mauthausen,Justin Engel,Laslo Djere,Laslo Djere,no,WATCH_TENNIS_MODEL_REQUIRED,NO_BET_LOW_VALUE,0.0,0.625586,1.37,1.37,1.37,2026-04-27T14:40:23+01:00,1XBET_PUBLIC_LINEFEED,Challenger. Mauthausen,2026-04-27,2026-04-27T14:30:00+00:00,2.9,FRESH,60.0,2026-04-27T14:30:00+00:00,46.7,SCHEDULED,1XBET_MANUAL,1.599,1.622,18.43,-14.29,NO_BET_PRICE_TOO_LOW,NO_ENTRY,ev_below_minimum;price_below_target,77.74,public_market_watch_strategy,PUBLIC_ODDS_CONFIRMED,29.9815,NORMAL_FAV,1xbet_public_linefeed_sport_4,"WATCH_ONLY: require active player model, injury/withdrawal check, surface fit, exact tournament round, and event id before review.",FINISHED,2026-04-27 14:15 Africa/Algiers,0.0,2.0,CORRECT,NOT_OFFICIAL_ENTRY,https://scores24.live/en/tennis/m-27-04-2026-engel-justin-djere-laslo,Challenger Mauthausen; Scores24 listed Justin Engel 0-2 Laslo Djere.,716223627.0,327432494.0
2026-04-28T02:37:08+01:00,3,tennis,2026-04-27,WTA. Madrid. Doubles,Kenin/Hsieh,Boulter/Williams,Kenin/Hsieh,no,WATCH_TENNIS_MODEL_REQUIRED,NO_BET_LOW_VALUE,0.0,0.695,1.275,1.275,1.275,2026-04-27T14:43:12+01:00,1XBET_PUBLIC_LINEFEED,WTA. Madrid. Doubles,2026-04-27,2026-04-27T15:00:00+00:00,0.1,FRESH,60.0,2026-04-27T15:00:00+00:00,76.7,SCHEDULED,1XBET_MANUAL,1.439,1.46,14.54,-11.39,NO_BET_PRICE_TOO_LOW,NO_ENTRY,ev_below_minimum;price_below_target,83.88,public_market_watch_strategy,PUBLIC_ODDS_CONFIRMED,33.7595,NORMAL_FAV,1xbet_public_linefeed_sport_4,"WATCH_ONLY: require active player model, injury/withdrawal check, surface fit, exact tournament round, and event id before review.",FINISHED,2026-04-27 16:00 Africa/Algiers,2.0,0.0,CORRECT,NOT_OFFICIAL_ENTRY,https://www.tntsports.co.uk/tennis/wta-madrid-doubles/2026/hsieh-su-weisofia-kenin-tbatba_mtc21862981/live-stats.shtml,WTA Madrid doubles; TNT Sports listed Hsieh/Kenin 6-4 6-4 Boulter/Williams.,716236780.0,327716566.0
2026-04-29T14:44:15+01:00,27,baseball,2026-04-28,NCAA,Abilene Christian,Dallas Baptist,Dallas Baptist,no,WATCH_BASEBALL_PITCHER_REQUIRED,NO_BET_LOW_VALUE,0.0,0.574264,1.51,1.51,1.51,2026-04-28T11:48:18+01:00,1XBET_PUBLIC_LINEFEED,NCAA,2026-04-28,2026-04-28T23:05:00+00:00,4.7,FRESH,60.0,2026-04-28T23:05:00+00:00,732.0,SCHEDULED,1XBET_MANUAL,1.741,1.767,17.05,-13.29,NO_BET_PRICE_TOO_LOW,NO_ENTRY,ev_below_minimum;price_below_target,63.94,public_market_watch_strategy,PUBLIC_ODDS_CONFIRMED,24.1215,NORMAL_FAV,1xbet_public_linefeed_sport_5,"WATCH_ONLY: require starting pitchers, bullpen rest, lineup, weather, and market confirmation before review.",FINISHED,,4.0,16.0,CORRECT,NOT_OFFICIAL_ENTRY,https://acusports.com/,College baseball; Abilene Christian scoreboard listed ACU 4 vs Dallas Baptist 16 in 8 innings.,716464953.0,327986822.0
2026-04-29T14:44:15+01:00,14,baseball,2026-04-28,USA. MLB,Cincinnati Reds,Colorado Rockies,Cincinnati Reds,no,WATCH_BASEBALL_PITCHER_REQUIRED,NO_BET_LOW_VALUE,0.0,0.588325,1.547,1.547,1.547,2026-04-28T11:48:18+01:00,1XBET_PUBLIC_LINEFEED,USA. MLB,2026-04-28,2026-04-28T22:40:00+00:00,4.7,FRESH,60.0,2026-04-28T22:40:00+00:00,707.0,SCHEDULED,1XBET_MANUAL,1.7,1.725,11.52,-8.99,NO_BET_PRICE_TOO_LOW,NO_ENTRY,ev_below_minimum;price_below_target,68.68,public_market_watch_strategy,PUBLIC_ODDS_CONFIRMED,27.7595,NORMAL_FAV,1xbet_public_linefeed_sport_5,"WATCH_ONLY: require starting pitchers, bullpen rest, lineup, weather, and market confirmation before review.",FINISHED,,7.0,2.0,CORRECT,NOT_OFFICIAL_ENTRY,https://www.baseball-almanac.com/box-scores/boxscore.php?boxid=202604280CN5,MLB; Baseball Almanac listed Rockies 2 vs Reds 7.,716468543.0,327993200.0
2026-04-29T14:44:15+01:00,23,baseball,2026-04-28,NCAA,Louisville Cardinals,Indiana Hoosiers,Louisville Cardinals,no,WATCH_BASEBALL_PITCHER_REQUIRED,NO_BET_LOW_VALUE,0.0,0.591813,1.468,1.468,1.468,2026-04-28T11:48:18+01:00,1XBET_PUBLIC_LINEFEED,NCAA,2026-04-28,2026-04-28T22:00:00+00:00,4.7,FRESH,60.0,2026-04-28T22:00:00+00:00,667.0,SCHEDULED,1XBET_MANUAL,1.69,1.715,16.83,-13.12,NO_BET_PRICE_TOO_LOW,NO_ENTRY,ev_below_minimum;price_below_target,67.02,public_market_watch_strategy,PUBLIC_ODDS_CONFIRMED,25.567,NORMAL_FAV,1xbet_public_linefeed_sport_5,"WATCH_ONLY: require starting pitchers, bullpen rest, lineup, weather, and market confirmation before review.",FINISHED,,6.0,10.0,WRONG,NOT_OFFICIAL_ENTRY,https://gocards.com/news/2026/4/29/baseball-cards-winning-streak-ends-at-five,College baseball; Louisville official listed Louisville 6 vs Indiana 10.,716462952.0,327988662.0
2026-04-29T14:44:15+01:00,20,baseball,2026-04-28,USA. MLB,New York Mets,Washington Nationals,New York Mets,no,WATCH_BASEBALL_PITCHER_REQUIRED,NO_BET_LOW_VALUE,0.0,0.57198,1.588,1.588,1.588,2026-04-28T11:48:18+01:00,1XBET_PUBLIC_LINEFEED,USA. MLB,2026-04-28,2026-04-28T23:10:00+00:00,4.7,FRESH,60.0,2026-04-28T23:10:00+00:00,737.0,SCHEDULED,1XBET_MANUAL,1.748,1.775,11.75,-9.17,NO_BET_PRICE_TOO_LOW,NO_ENTRY,ev_below_minimum;price_below_target,65.12,public_market_watch_strategy,PUBLIC_ODDS_CONFIRMED,26.0945,VALUE_OR_VOLATILE,1xbet_public_linefeed_sport_5,"WATCH_ONLY: require starting pitchers, bullpen rest, lineup, weather, and market confirmation before review.",FINISHED,,8.0,0.0,CORRECT,NOT_OFFICIAL_ENTRY,https://www.baseball-almanac.com/box-scores/boxscore.php?boxid=202604280NYN,MLB; Baseball Almanac listed Nationals 0 vs Mets 8.,716451369.0,327906718.0
2026-04-29T14:44:15+01:00,24,baseball,2026-04-28,NCAA,North Carolina Tar Heels,Coastal Carolina Chanticleers,North Carolina Tar Heels,no,WATCH_BASEBALL_PITCHER_REQUIRED,NO_BET_LOW_VALUE,0.0,0.591813,1.468,1.468,1.468,2026-04-28T11:48:18+01:00,1XBET_PUBLIC_LINEFEED,NCAA,2026-04-28,2026-04-28T23:00:00+00:00,4.7,FRESH,60.0,2026-04-28T23:00:00+00:00,727.0,SCHEDULED,1XBET_MANUAL,1.69,1.715,16.83,-13.12,NO_BET_PRICE_TOO_LOW,NO_ENTRY,ev_below_minimum;price_below_target,67.02,public_market_watch_strategy,PUBLIC_ODDS_CONFIRMED,25.567,NORMAL_FAV,1xbet_public_linefeed_sport_5,"WATCH_ONLY: require starting pitchers, bullpen rest, lineup, weather, and market confirmation before review.",FINISHED,,2.0,12.0,WRONG,NOT_OFFICIAL_ENTRY,https://goheels.com/news/2026/4/28/baseball-loses-to-no-9-coastal-carolina-12-2,College baseball; North Carolina official listed UNC 2 vs Coastal Carolina 12.,716464186.0,327986824.0
2026-04-29T14:44:15+01:00,28,baseball,2026-04-28,USA. MLB,Philadelphia Phillies,San Francisco Giants,Philadelphia Phillies,no,WATCH_BASEBALL_PITCHER_REQUIRED,NO_BET_LOW_VALUE,0.0,0.559538,1.621,1.621,1.621,2026-04-28T11:48:18+01:00,1XBET_PUBLIC_LINEFEED,USA. MLB,2026-04-28,2026-04-28T22:40:00+00:00,4.7,FRESH,60.0,2026-04-28T22:40:00+00:00,707.0,SCHEDULED,1XBET_MANUAL,1.787,1.814,11.91,-9.3,NO_BET_PRICE_TOO_LOW,NO_ENTRY,ev_below_minimum;price_below_target,60.69,public_market_watch_strategy,PUBLIC_ODDS_CONFIRMED,24.0555,VALUE_OR_VOLATILE,1xbet_public_linefeed_sport_5,"WATCH_ONLY: require starting pitchers, bullpen rest, lineup, weather, and market confirmation before review.",FINISHED,,7.0,0.0,CORRECT,NOT_OFFICIAL_ENTRY,https://www.fangraphs.com/liveboxscore.aspx?date=2026-04-28&dh=0&season=2026&team=Phillies,MLB; FanGraphs listed Giants at Phillies box score and search result confirmed Phillies 7-0.,716451361.0,327906698.0
2026-04-29T14:44:15+01:00,31,baseball,2026-04-28,USA. MLB,Pittsburgh Pirates,St.Louis Cardinals,Pittsburgh Pirates,no,WATCH_BASEBALL_PITCHER_REQUIRED,NO_BET_LOW_VALUE,0.0,0.545326,1.66,1.66,1.66,2026-04-28T11:52:52+01:00,1XBET_PUBLIC_LINEFEED,USA. MLB,2026-04-28,2026-04-28T22:40:00+00:00,0.1,FRESH,60.0,2026-04-28T22:40:00+00:00,707.0,SCHEDULED,1XBET_MANUAL,1.834,1.861,12.12,-9.48,NO_BET_PRICE_TOO_LOW,NO_ENTRY,ev_below_minimum;price_below_target,55.66,public_market_watch_strategy,PUBLIC_ODDS_CONFIRMED,21.729,VALUE_OR_VOLATILE,1xbet_public_linefeed_sport_5,"WATCH_ONLY: require starting pitchers, bullpen rest, lineup, weather, and market confirmation before review.",FINISHED,,7.0,11.0,WRONG,NOT_OFFICIAL_ENTRY,https://www.baseball-almanac.com/box-scores/boxscore.php?boxid=202604280PIT,MLB; Baseball Almanac listed Cardinals 11 vs Pirates 7.,716468547.0,327993212.0
2026-04-29T14:44:15+01:00,30,baseball,2026-04-28,NCAA,Tulane Green Wave,Southern Miss Golden Eagles,Southern Miss Golden Eagles,no,WATCH_BASEBALL_PITCHER_REQUIRED,NO_BET_LOW_VALUE,0.0,0.566535,1.529,1.529,1.529,2026-04-28T11:52:52+01:00,1XBET_PUBLIC_LINEFEED,NCAA,2026-04-28,2026-04-28T23:00:00+00:00,0.1,FRESH,60.0,2026-04-28T23:00:00+00:00,727.0,SCHEDULED,1XBET_MANUAL,1.765,1.792,17.17,-13.38,NO_BET_PRICE_TOO_LOW,NO_ENTRY,ev_below_minimum;price_below_target,61.15,public_market_watch_strategy,PUBLIC_ODDS_CONFIRMED,22.8345,NORMAL_FAV,1xbet_public_linefeed_sport_5,"WATCH_ONLY: require starting pitchers, bullpen rest, lineup, weather, and market confirmation before review.",FINISHED,,7.0,6.0,WRONG,NOT_OFFICIAL_ENTRY,https://tulanegreenwave.com/news/2026/4/28/baseball-knocks-off-no-12-southern-miss-7-6,College baseball; Tulane official listed Tulane 7 vs Southern Miss 6.,716465326.0,327986810.0
2026-04-29T14:44:15+01:00,32,baseball,2026-04-28,NCAA,Wichita State Shockers,Kansas Jayhawks,Kansas Jayhawks,no,WATCH_BASEBALL_PITCHER_REQUIRED,NO_BET_LOW_VALUE,0.0,0.550827,1.569,1.569,1.569,2026-04-28T11:52:52+01:00,1XBET_PUBLIC_LINEFEED,NCAA,2026-04-28,2026-04-28T23:05:00+00:00,0.1,FRESH,60.0,2026-04-28T23:05:00+00:00,732.0,SCHEDULED,1XBET_MANUAL,1.815,1.843,17.44,-13.58,NO_BET_PRICE_TOO_LOW,NO_ENTRY,ev_below_minimum;price_below_target,55.5,public_market_watch_strategy,PUBLIC_ODDS_CONFIRMED,20.222,VALUE_OR_VOLATILE,1xbet_public_linefeed_sport_5,"WATCH_ONLY: require starting pitchers, bullpen rest, lineup, weather, and market confirmation before review.",FINISHED,,1.0,14.0,CORRECT,NOT_OFFICIAL_ENTRY,https://kuathletics.com/news/2026/4/28/baseball-kansas-extends-win-streak-with-14-1-run-rule-victory-at-wichita-state,College baseball; Kansas official listed Kansas 14 at Wichita State 1.,716464952.0,327986828.0
2026-04-29T14:44:15+01:00,43,basketball,2026-04-28,Russia Vtb United League,Zenit Petersburg,Uralmash Ekaterinburg,Zenit Petersburg,no,NO_ENTRY_VALUE,NO_BET_LOW_VALUE,0.0,0.819905,1.12,1.12,,,,,,,,LOCAL_OR_NO_1XBET_PRICE,60.0,,,UNKNOWN_START,LOCAL_SOURCE,1.22,1.238,10.53,-8.17,NO_BET_PRICE_TOO_LOW,NO_ENTRY,ev_below_minimum;price_below_target;unconfirmed_1xbet_event,74.79,market_consensus_strategy,NOT_CHECKED_LIMIT,22.796,LOW_RETURN,data/raw/betexplorer_basketball_fixtures/russia_vtb_united_league.csv,nan,FINISHED,,92.0,64.0,CORRECT,NOT_OFFICIAL_ENTRY,https://scores24.live/en/basketball/m-28-04-2026-zenit-saint-petersburg-bk-uralmash-yekaterinburg,VTB United League; Scores24 listed Zenit beat BK Uralmash Yekaterinburg 92-64.,,
2026-04-29T14:44:15+01:00,10,darts,2026-04-28,Modus Super Series. 2026,Jeff Smith,Neven Resetar,Jeff Smith,no,WATCH_DARTS_FORM_REQUIRED,NO_BET_LOW_VALUE,0.0,0.641347,1.33,1.33,1.33,2026-04-28T11:48:18+01:00,1XBET_PUBLIC_LINEFEED,Modus Super Series. 2026,2026-04-28,2026-04-28T11:30:00+00:00,4.7,FRESH,60.0,2026-04-28T11:30:00+00:00,37.0,SCHEDULED,1XBET_MANUAL,1.559,1.583,18.99,-14.7,NO_BET_PRICE_TOO_LOW,NO_ENTRY,ev_below_minimum;price_below_target,76.65,public_market_watch_strategy,PUBLIC_ODDS_CONFIRMED,29.3475,NORMAL_FAV,1xbet_public_linefeed_sport_21,WATCH_ONLY: require recent form/leg format model before review.,FINISHED,,4.0,1.0,CORRECT,NOT_OFFICIAL_ENTRY,https://dartsworld.com/2026/04/murschell-moves-into-mss-darts-lead/,MODUS Super Series; Darts World listed Jeff Smith 4-1 Neven Resetar on Tuesday 28 April.,716370894.0,327881332.0
2026-04-29T14:44:15+01:00,19,handball,2026-04-28,European League,MT Melsungen,Porto,MT Melsungen,no,WATCH_HANDBALL_RETUNE,NO_BET_LOW_VALUE,0.0,0.59092,1.44,1.44,1.44,2026-04-28T11:48:18+01:00,1XBET_PUBLIC_LINEFEED,European League,2026-04-28,2026-04-28T18:45:00+00:00,4.7,FRESH,60.0,2026-04-28T18:45:00+00:00,472.0,SCHEDULED,1XBET_MANUAL,1.692,1.718,19.28,-14.91,NO_BET_PRICE_TOO_LOW,NO_ENTRY,ev_below_minimum;price_below_target,70.38,public_market_watch_strategy,PUBLIC_ODDS_CONFIRMED,26.4525,NORMAL_FAV,1xbet_public_linefeed_sport_8,"WATCH_ONLY: require retuned league accuracy >= 72%, current fixtures, and removal of weak leagues.",FINISHED,,28.0,23.0,CORRECT,NOT_OFFICIAL_ENTRY,https://portal.fpa.pt/2026/04/ehf-european-league-cinco-motivos-para-lutar-no-dragao-arena/,EHF European League; Portuguese federation article listed MT Melsungen 28-23 FC Porto.,714357325.0,325577298.0
2026-04-29T14:44:15+01:00,2,tennis,2026-04-28,ATP. Madrid. Doubles,Arribage/Olivetti,Patten/Heliovaara,Patten/Heliovaara,no,WATCH_TENNIS_MODEL_REQUIRED,NO_BET_LOW_VALUE,0.0,0.682412,1.297,1.297,1.297,2026-04-28T11:52:52+01:00,1XBET_PUBLIC_LINEFEED,ATP. Madrid. Doubles,2026-04-28,2026-04-28T14:00:00+00:00,0.1,FRESH,60.0,2026-04-28T14:00:00+00:00,187.0,SCHEDULED,1XBET_MANUAL,1.465,1.487,14.68,-11.49,NO_BET_PRICE_TOO_LOW,NO_ENTRY,ev_below_minimum;price_below_target,82.98,public_market_watch_strategy,PUBLIC_ODDS_CONFIRMED,33.3195,NORMAL_FAV,1xbet_public_linefeed_sport_4,"WATCH_ONLY: require active player model, injury/withdrawal check, surface fit, exact tournament round, and event id before review.",FINISHED,,1.0,2.0,CORRECT,NOT_OFFICIAL_ENTRY,https://www.atptour.com/en/scores/current/madrid/1536/results?matchDate=2026-04-28&matchType=doubles,ATP Madrid doubles R16; ATP listed Heliovaara Patten beat Arribage Olivetti 2-6 7-6(8) 10-8.,716549968.0,327752514.0
2026-04-29T14:44:15+01:00,7,tennis,2026-04-28,Challenger. Shymkent-2,Buvaysar Gadamauri,Viktor Durasovic,Buvaysar Gadamauri,no,WATCH_TENNIS_MODEL_REQUIRED,NO_BET_LOW_VALUE,0.0,0.640745,1.34,1.34,1.34,2026-04-28T11:52:52+01:00,1XBET_PUBLIC_LINEFEED,Challenger. Shymkent-2,2026-04-28,2026-04-28T11:00:00+00:00,0.1,FRESH,60.0,2026-04-28T11:00:00+00:00,7.0,CLOSE_TO_START,1XBET_MANUAL,1.561,1.584,18.22,-14.14,NO_BET_PRICE_TOO_LOW,NO_ENTRY,ev_below_minimum;price_below_target;event_close_to_start,78.66,public_market_watch_strategy,PUBLIC_ODDS_CONFIRMED,30.448,NORMAL_FAV,1xbet_public_linefeed_sport_4,"WATCH_ONLY: require active player model, injury/withdrawal check, surface fit, exact tournament round, and event id before review.",FINISHED,,2.0,0.0,CORRECT,NOT_OFFICIAL_ENTRY,https://azscore.com/ro/tennis/game/buvaysar-gadamauri-viktor-durasovic-2026-04-28,Challenger Shymkent 2; Azscore listed Buvaysar Gadamauri beat Viktor Durasovic 6-3 6-2.,716099174.0,327544408.0
2026-04-29T14:44:15+01:00,13,tennis,2026-04-28,WTA. Saint-Malo,Elsa Jacquemot,Bianca Vanessa Andreescu,Bianca Vanessa Andreescu,no,WATCH_TENNIS_MODEL_REQUIRED,NO_BET_LOW_VALUE,0.0,0.597262,1.43,1.43,1.43,2026-04-28T11:52:52+01:00,1XBET_PUBLIC_LINEFEED,WTA. Saint-Malo,2026-04-28,2026-04-28T13:30:00+00:00,0.1,FRESH,60.0,2026-04-28T13:30:00+00:00,157.0,SCHEDULED,1XBET_MANUAL,1.674,1.699,18.84,-14.59,NO_BET_PRICE_TOO_LOW,NO_ENTRY,ev_below_minimum;price_below_target,76.19,public_market_watch_strategy,PUBLIC_ODDS_CONFIRMED,29.179,NORMAL_FAV,1xbet_public_linefeed_sport_4,"WATCH_ONLY: require active player model, injury/withdrawal check, surface fit, exact tournament round, and event id before review.",FINISHED,,0.0,2.0,CORRECT,NOT_OFFICIAL_ENTRY,https://www.tennisactu.net/info-wta-saint-malo-face-a-andreescu-elsa-jacquemot-chute-a-nouveau-d-entree-123648.html,WTA Saint-Malo R32; TennisActu listed Bianca Andreescu beat Elsa Jacquemot 7-6(3) 7-6(5).,716136369.0,327566660.0
2026-04-29T14:44:15+01:00,3,tennis,2026-04-28,ATP. Madrid,Francisco Cerundolo,Alexander Blockx,Francisco Cerundolo,no,WATCH_TENNIS_MODEL_REQUIRED,NO_BET_LOW_VALUE,0.0,0.627259,1.432,1.432,1.432,2026-04-28T11:52:52+01:00,1XBET_PUBLIC_LINEFEED,ATP. Madrid,2026-04-28,2026-04-28T17:00:00+00:00,0.1,FRESH,60.0,2026-04-28T17:00:00+00:00,367.0,SCHEDULED,1XBET_MANUAL,1.594,1.618,13.0,-10.18,NO_BET_PRICE_TOO_LOW,NO_ENTRY,ev_below_minimum;price_below_target,80.78,public_market_watch_strategy,PUBLIC_ODDS_CONFIRMED,32.788,NORMAL_FAV,1xbet_public_linefeed_sport_4,"WATCH_ONLY: require active player model, injury/withdrawal check, surface fit, exact tournament round, and event id before review.",FINISHED,,0.0,2.0,WRONG,NOT_OFFICIAL_ENTRY,https://www.atptour.com/en/news/ruud-tsitsipas-madrid-2026-tuesday,ATP Madrid R4; ATP listed Alexander Blockx beat Francisco Cerundolo 7-6(8) 6-2.,716417121.0,327926066.0
2026-04-29T14:44:15+01:00,11,tennis,2026-04-28,ATP. Madrid,Jakub Mensik,Alexander Zverev,Alexander Zverev,no,WATCH_TENNIS_MODEL_REQUIRED,NO_BET_LOW_VALUE,0.0,0.590721,1.514,1.514,1.514,2026-04-28T11:52:52+01:00,1XBET_PUBLIC_LINEFEED,ATP. Madrid,2026-04-28,2026-04-28T19:30:00+00:00,0.1,FRESH,60.0,2026-04-28T19:30:00+00:00,517.0,SCHEDULED,1XBET_MANUAL,1.693,1.718,13.49,-10.56,NO_BET_PRICE_TOO_LOW,NO_ENTRY,ev_below_minimum;price_below_target,73.23,public_market_watch_strategy,PUBLIC_ODDS_CONFIRMED,29.2575,NORMAL_FAV,1xbet_public_linefeed_sport_4,"WATCH_ONLY: require active player model, injury/withdrawal check, surface fit, exact tournament round, and event id before review.",FINISHED,,1.0,2.0,CORRECT,NOT_OFFICIAL_ENTRY,https://scores24.live/en/tennis/m-28-04-2026-mensik-jakub-zverev-alexander,ATP Madrid R4; Scores24 listed Alexander Zverev beat Jakub Mensik 4-6 7-6(4) 6-3.,716434743.0,327945388.0
2026-04-29T14:44:15+01:00,5,tennis,2026-04-28,WTA. Madrid,Leylah Annie Fernandez,Mirra Andreeva,Mirra Andreeva,no,WATCH_TENNIS_MODEL_REQUIRED,NO_BET_LOW_VALUE,0.0,0.609224,1.45,1.45,1.45,2026-04-28T11:52:52+01:00,1XBET_PUBLIC_LINEFEED,WTA. Madrid,2026-04-28,2026-04-28T11:00:00+00:00,0.1,FRESH,60.0,2026-04-28T11:00:00+00:00,7.0,CLOSE_TO_START,1XBET_MANUAL,1.641,1.666,14.9,-11.66,NO_BET_PRICE_TOO_LOW,NO_ENTRY,ev_below_minimum;price_below_target;event_close_to_start,78.88,public_market_watch_strategy,PUBLIC_ODDS_CONFIRMED,31.415,NORMAL_FAV,1xbet_public_linefeed_sport_4,"WATCH_ONLY: require active player model, injury/withdrawal check, surface fit, exact tournament round, and event id before review.",FINISHED,,0.0,2.0,CORRECT,NOT_OFFICIAL_ENTRY,https://www.wtatennis.com/news/4495113/andreeva-grits-through-tough-fernandez-test-to-make-madrid-semis,WTA Madrid QF; WTA listed Mirra Andreeva beat Leylah Fernandez 7-6(1) 6-3.,716380687.0,327885906.0
2026-04-29T14:44:15+01:00,1,tennis,2026-04-28,ATP. Madrid,Stefanos Tsitsipas,Casper Ruud,Casper Ruud,no,WATCH_TENNIS_MODEL_REQUIRED,NO_BET_LOW_VALUE,0.0,0.662627,1.361,1.361,1.361,2026-04-28T11:52:52+01:00,1XBET_PUBLIC_LINEFEED,ATP. Madrid,2026-04-28,2026-04-28T12:30:00+00:00,0.1,FRESH,60.0,2026-04-28T12:30:00+00:00,97.0,SCHEDULED,1XBET_MANUAL,1.509,1.532,12.55,-9.82,NO_BET_PRICE_TOO_LOW,NO_ENTRY,ev_below_minimum;price_below_target,82.89,public_market_watch_strategy,PUBLIC_ODDS_CONFIRMED,33.8635,NORMAL_FAV,1xbet_public_linefeed_sport_4,"WATCH_ONLY: require active player model, injury/withdrawal check, surface fit, exact tournament round, and event id before review.",FINISHED,,1.0,2.0,CORRECT,NOT_OFFICIAL_ENTRY,https://www.atptour.com/en/news/ruud-tsitsipas-madrid-2026-tuesday,ATP Madrid R4; ATP listed Casper Ruud beat Stefanos Tsitsipas 7-6(4) 6-7(2) 7-6(3).,716344812.0,327848838.0
2026-04-29T14:44:15+01:00,9,tennis,2026-04-28,ITF. Santa Margherita di Pula. Doubles,Vanshelboim/Cooper,Cocola/Rahmani,Cocola/Rahmani,no,WATCH_TENNIS_MODEL_REQUIRED,NO_BET_LOW_VALUE,0.0,0.624336,1.373,1.373,1.373,2026-04-28T11:52:52+01:00,1XBET_PUBLIC_LINEFEED,ITF. Santa Margherita di Pula. Doubles,2026-04-28,2026-04-28T11:05:00+00:00,0.1,FRESH,60.0,2026-04-28T11:05:00+00:00,12.0,SCHEDULED,1XBET_MANUAL,1.602,1.626,18.41,-14.28,NO_BET_PRICE_TOO_LOW,NO_ENTRY,ev_below_minimum;price_below_target,77.69,public_market_watch_strategy,PUBLIC_ODDS_CONFIRMED,29.9625,NORMAL_FAV,1xbet_public_linefeed_sport_4,"WATCH_ONLY: require active player model, injury/withdrawal check, surface fit, exact tournament round, and event id before review.",FINISHED,,0.0,2.0,CORRECT,NOT_OFFICIAL_ENTRY,https://www.sofascore.com/tennis/team/cooper-j-vanshelboim-e/1087804,ITF M25 Santa Margherita doubles; Sofascore listed Cocola Rahmani beat Cooper Vanshelboim 0-2.,716536988.0,328009226.0
2026-04-29T14:44:15+01:00,15,volleyball,2026-04-28,Finland. Mestaruusliiga,AC Oulu,Hurrikaani Loimaa,Hurrikaani Loimaa,no,WATCH_VOLLEYBALL_SET_VOLATILITY,NO_BET_LOW_VALUE,0.0,0.611999,1.4,1.4,1.4,2026-04-28T11:48:18+01:00,1XBET_PUBLIC_LINEFEED,Finland. Mestaruusliiga,2026-04-28,2026-04-28T15:00:00+00:00,4.7,FRESH,60.0,2026-04-28T15:00:00+00:00,247.0,SCHEDULED,1XBET_MANUAL,1.634,1.658,18.46,-14.32,NO_BET_PRICE_TOO_LOW,NO_ENTRY,ev_below_minimum;price_below_target,71.94,public_market_watch_strategy,PUBLIC_ODDS_CONFIRMED,27.361,NORMAL_FAV,1xbet_public_linefeed_sport_6,"WATCH_ONLY: build set-level volatility model, check rotation/news, and require stable match-winner mapping before review.",FINISHED,,0.0,3.0,CORRECT,NOT_OFFICIAL_ENTRY,https://www.mestaruusliiga.fi/uutiset/hurrikaani-loimaa-ylivoimainen-toisessa-finaalissa.html,Mestaruusliiga final; league report listed AC Oulu Volley 0-3 Hurrikaani-Loimaa.,716311207.0,327810344.0
2026-04-30T13:39:47+01:00,14,baseball,2026-04-29,USA. MLB,Los Angeles Dodgers,Miami Marlins,Los Angeles Dodgers,no,STRATEGY_LAB_ONLY,NO_BET_LOW_VALUE,0,0.589315,1.475,1.475,1.475,2026-04-29T14:22:00+01:00,1XBET_PUBLIC_LINEFEED,USA. MLB,2026-04-29,2026-04-29T19:10:00+00:00,,FRESH,,2026-04-29T19:10:00+00:00,,SCHEDULED,PUBLIC_ODDS_CONFIRMED,,1.722,,-13.08,LOCKED_FORECAST_REVIEW,NO_ENTRY,strategy_watch_only_not_validated;baseball_pitcher_lineup_weather_context_required;baseball_context_missing;baseball_prob_below_repaired_floor;result_status_strategy_lab_result_deferred;ev_below_minimum;price_below_target;weak_memory_segment,0,locked_forecast,PUBLIC_ODDS_CONFIRMED,0,,locked_forecast,"WATCH_ONLY: require confirmed starting pitchers, lineup, bullpen/rest, weather/park, and MLB/NCAA split backtest; college midweek rows stay lab-only until rotation risk is modelled.",FINISHED,,2.0,3.0,WRONG,NOT_OFFICIAL_ENTRY,https://www.statmuse.com/mlb/game/4-29-2026-mia-at-lad-236279,MLB; StatMuse listed Miami Marlins 3 at Los Angeles Dodgers 2 final.,716740384.0,328203886.0
2026-04-30T13:39:47+01:00,31,basketball,2026-04-29,Bulgaria Nbl,Balkan,Minyor,Balkan,no,IMPROVE_SOURCE_COVERAGE,NO_BET_LOW_VALUE,0,0.886117,1.05,1.05,1.05,2026-04-29T21:07:41+01:00,,Bulgaria Nbl,2026-04-29,,,LOCAL_OR_NO_1XBET_PRICE,,,,UNKNOWN_START,NEEDS_MANUAL_PLATFORM_CHECK,,1.145,,-6.96,LOCKED_FORECAST_REVIEW,PRICE_TARGET_ONLY,unconfirmed_1xbet_event;source_coverage_not_complete;unknown_start_time;ev_below_minimum;price_below_target,0,locked_forecast,NEEDS_MANUAL_PLATFORM_CHECK,0,,locked_forecast,nan,FINISHED,,105.0,66.0,CORRECT,NOT_OFFICIAL_ENTRY,https://www.forebet.com/en/basketball/matches/nbl-bulgaria/balkan-minyor/281143,Bulgaria NBL; Forebet listed Balkan vs Minyor final 105-66.,,
2026-04-30T13:39:47+01:00,28,basketball,2026-04-29,Russia Vtb United League,CSKA Moscow,Enisey,CSKA Moscow,no,IMPROVE_SOURCE_COVERAGE,NO_BET_LOW_VALUE,0,0.926331,1.01,1.01,1.01,2026-04-29T21:07:41+01:00,,Russia Vtb United League,2026-04-29,,,LOCAL_OR_NO_1XBET_PRICE,,,,UNKNOWN_START,NEEDS_MANUAL_PLATFORM_CHECK,,1.096,,-6.44,LOCKED_FORECAST_REVIEW,PRICE_TARGET_ONLY,unconfirmed_1xbet_event;source_coverage_not_complete;unknown_start_time;ev_below_minimum;price_below_target,0,locked_forecast,NEEDS_MANUAL_PLATFORM_CHECK,0,,locked_forecast,nan,FINISHED,,85.0,67.0,CORRECT,NOT_OFFICIAL_ENTRY,https://scores24.live/en/basketball/m-29-04-2026-cska-moscow-enisey-krasnoyarsk,VTB United League; Scores24 listed CSKA Moscow 85 vs Enisey Krasnoyarsk 67.,,
2026-04-30T13:39:47+01:00,33,basketball,2026-04-29,Russia Vtb United League,Lokomotiv Kuban,Parma Perm,Lokomotiv Kuban,no,IMPROVE_SOURCE_COVERAGE,NO_BET_LOW_VALUE,0,0.791887,1.18,1.18,1.18,2026-04-29T21:07:41+01:00,,Russia Vtb United League,2026-04-29,,,LOCAL_OR_NO_1XBET_PRICE,,,,UNKNOWN_START,NEEDS_MANUAL_PLATFORM_CHECK,,1.282,,-6.56,LOCKED_FORECAST_REVIEW,PRICE_TARGET_ONLY,unconfirmed_1xbet_event;source_coverage_not_complete;unknown_start_time;ev_below_minimum;price_below_target,0,locked_forecast,NEEDS_MANUAL_PLATFORM_CHECK,0,,locked_forecast,nan,FINISHED,,79.0,76.0,CORRECT,NOT_OFFICIAL_ENTRY,https://scores24.live/en/basketball/m-29-04-2026-lokomotiv-kuban-parma-perm,VTB United League; Scores24 listed Lokomotiv Kuban 79 vs Parma Perm 76.,,
2026-04-30T13:39:47+01:00,12,snooker,2026-04-29,World Championship. 2026,John Higgins,Neil Robertson,Neil Robertson,no,STRATEGY_LAB_ONLY,NO_BET_LOW_VALUE,0,0.640205,1.36,1.36,1.36,2026-04-29T14:53:16+01:00,1xbet_public_linefeed_sport_30,World Championship. 2026,2026-04-29,2026-04-29T18:00:00+00:00,,FRESH,,2026-04-29T18:00:00+00:00,,SCHEDULED,PUBLIC_ODDS_CONFIRMED,,1.585,,-12.93,LOCKED_FORECAST_REVIEW,NO_ENTRY,strategy_watch_only_not_validated;snooker_context_required;snooker_context_incomplete;ev_below_minimum;price_below_target,3,locked_forecast,PUBLIC_ODDS_CONFIRMED,3,,locked_forecast,WATCH_ONLY: require format/frames and recent form model before review.,FINISHED,,13.0,10.0,WRONG,NOT_OFFICIAL_ENTRY,https://www.tntsports.co.uk/snooker/halo-world-championship/2026/john-higgins-neil-robertson-live-comments-updates-results-streaming-crucible-theatre-sheffield_sto23294949/story.shtml,World Snooker Championship; TNT Sports listed John Higgins beat Neil Robertson 13-10.,716858184,328454176
2026-04-30T13:39:47+01:00,8,tennis,2026-04-29,WTA. Madrid,Marta Kostyuk,Linda Noskova,Marta Kostyuk,no,STRATEGY_LAB_ONLY,NO_BET_LOW_VALUE,0,0.594948,1.504,1.504,1.504,2026-04-29T14:22:00+01:00,1XBET_PUBLIC_LINEFEED,WTA. Madrid,2026-04-29,2026-04-29T18:05:00+00:00,,FRESH,,2026-04-29T18:05:00+00:00,,SCHEDULED,PUBLIC_ODDS_CONFIRMED,,1.706,,-10.52,LOCKED_FORECAST_REVIEW,NO_ENTRY,strategy_watch_only_not_validated;tennis_player_surface_withdrawal_context_required;tennis_context_missing;result_status_strategy_lab_result_deferred;ev_below_minimum;price_below_target,0,locked_forecast,PUBLIC_ODDS_CONFIRMED,0,,locked_forecast,"WATCH_ONLY: require active player model, injury/withdrawal check, surface fit, exact tournament round, and event id before review.",FINISHED,,2.0,0.0,CORRECT,NOT_OFFICIAL_ENTRY,https://www.wtatennis.com/news/4495774/kostyuk-continues-undefeated-start-to-clay-season-with-madrid-quarterfinal-win,WTA Madrid; WTA listed Marta Kostyuk beat Linda Noskova 7-6(1) 6-0.,716417120.0,327920924.0
2026-05-01T18:58:09+01:00,30,basketball,2026-04-30,Philippines Mpbl,Batangas City,Pasig City,Batangas City,no,NO_ENTRY_VALUE,NO_BET_LOW_VALUE,0.0,0.907254,1.01,1.01,,,,,,,,LOCAL_OR_NO_1XBET_PRICE,60.0,,,UNKNOWN_START,LOCAL_SOURCE,1.102,1.119,10.77,-8.37,NO_BET_PRICE_TOO_LOW,NO_ENTRY,ev_below_minimum;price_below_target;unconfirmed_1xbet_event,87.02,market_consensus_strategy,NEEDS_MANUAL_PLATFORM_CHECK,24.2295,VERY_LOW_RETURN,data/raw/betexplorer_basketball_fixtures/philippines_mpbl.csv,nan,FINISHED,,98.0,68.0,CORRECT,NOT_OFFICIAL_ENTRY,https://www.betexplorer.com/basketball/philippines/mpbl/results/,Philippines MPBL; BetExplorer results listed Batangas City 98 vs Pasig City 68.,,
2026-05-01T18:58:09+01:00,2,basketball,2026-04-30,Romania Divizia A,Cluj-Napoca,CSU Sibiu,Cluj-Napoca,no,NO_ENTRY_VALUE,NO_BET_LOW_VALUE,0.0,0.873357,1.061,1.06,1.061,2026-04-30T13:44:59+01:00,1XBET_PUBLIC_API,Romania. Liga Nationala,2026-04-30,2026-04-30T15:00:00+00:00,6.1,FRESH,60.0,2026-04-30T15:00:00+00:00,128.9,SCHEDULED,1XBET_MANUAL,1.145,1.162,9.54,-7.34,PRICE_TARGET_WAIT,PRICE_TARGET_ONLY,ev_below_minimum;price_below_target,82.27,market_consensus_strategy,PUBLIC_ODDS_CONFIRMED,34.4525,LOW_RETURN,data/raw/betexplorer_basketball_fixtures/romania_divizia_a.csv,nan,FINISHED,,87.0,65.0,CORRECT,NOT_OFFICIAL_ENTRY,https://www.sportytrader.com/en/results-live/u-banca-transilvania-csu-atlassib-sibiu-8455544,Romania LNBM; SportyTrader listed CS Universitatea Cluj-Napoca 87 vs CSU Sibiu 65.,717027273,328639438
2026-05-01T18:58:09+01:00,34,basketball,2026-04-30,Austria Superliga Women,Duches Klosterneuburg W,UBI Graz W,Duches Klosterneuburg W,no,WATCH,NO_BET_LOW_VALUE,0.0,0.803787,1.14,1.14,,,,,,,,LOCAL_OR_NO_1XBET_PRICE,60.0,,,UNKNOWN_START,LOCAL_SOURCE,1.244,1.263,10.77,-8.37,NO_BET_PRICE_TOO_LOW,NO_ENTRY,ev_below_minimum;price_below_target;unconfirmed_1xbet_event,72.53,market_consensus_strategy,NEEDS_MANUAL_PLATFORM_CHECK,17.709,NORMAL_FAV,data/raw/betexplorer_basketball_fixtures/austria_superliga_women.csv,nan,FINISHED,,86.0,63.0,CORRECT,NOT_OFFICIAL_ENTRY,https://www.betexplorer.com/basketball/austria/superliga-women/duchess-klosterneuburg-ubi-graz/0pyVXjy8/,BetExplorer listed Duchess Klosterneuburg W 86 vs UBI Graz W 63.,,
2026-05-01T18:58:09+01:00,36,basketball,2026-04-30,Spain Liga Femenina Women,Estepona W,Zaragoza W,Zaragoza W,no,WATCH,NO_BET_LOW_VALUE,0.0,0.798951,1.15,1.15,,,,,,,,LOCAL_OR_NO_1XBET_PRICE,60.0,,,UNKNOWN_START,LOCAL_SOURCE,1.252,1.27,10.47,-8.12,NO_BET_PRICE_TOO_LOW,NO_ENTRY,ev_below_minimum;price_below_target;unconfirmed_1xbet_event,71.75,market_consensus_strategy,NEEDS_MANUAL_PLATFORM_CHECK,17.4455,NORMAL_FAV,data/raw/betexplorer_basketball_fixtures/spain_liga_femenina_women.csv,nan,FINISHED,,68.0,84.0,CORRECT,NOT_OFFICIAL_ENTRY,https://www.betexplorer.com/basketball/spain/liga-femenina-women/estepona-casademont-zaragoza/U3mjUc9D/,BetExplorer listed Estepona W 68 vs Casademont Zaragoza W 84.,,
2026-05-01T18:58:09+01:00,29,basketball,2026-04-30,Israel Wbl Women,Hapoel Rishon LeZion W,Holon W,Hapoel Rishon LeZion W,no,NO_ENTRY_VALUE,NO_BET_LOW_VALUE,0.0,0.915903,1.01,1.01,,,,,,,,LOCAL_OR_NO_1XBET_PRICE,60.0,,,UNKNOWN_START,LOCAL_SOURCE,1.092,1.108,9.72,-7.49,PRICE_TARGET_WAIT,PRICE_TARGET_ONLY,ev_below_minimum;price_below_target;unconfirmed_1xbet_event,88.23,market_consensus_strategy,NEEDS_MANUAL_PLATFORM_CHECK,25.082,VERY_LOW_RETURN,data/raw/betexplorer_basketball_fixtures/israel_wbl_women.csv,nan,FINISHED,,100.0,69.0,CORRECT,NOT_OFFICIAL_ENTRY,https://www.betexplorer.com/basketball/team/hapoel-rishon-lezion-w/hzJiDsui/,BetExplorer team results listed Hapoel Rishon LeZion W 100 vs Holon W 69 in WBL Women playoff third leg.,,
2026-05-01T18:58:09+01:00,28,basketball,2026-04-30,Czech Republic Nbl,Nymburk,NH Ostrava,Nymburk,no,NO_ENTRY_VALUE,NO_BET_LOW_VALUE,0.0,0.92739,1.01,1.01,,,,,,,,LOCAL_OR_NO_1XBET_PRICE,60.0,,,UNKNOWN_START,LOCAL_SOURCE,1.078,1.094,8.36,-6.33,PRICE_TARGET_WAIT,PRICE_TARGET_ONLY,ev_below_minimum;price_below_target;unconfirmed_1xbet_event,89.83,market_consensus_strategy,NEEDS_MANUAL_PLATFORM_CHECK,26.208,VERY_LOW_RETURN,data/raw/betexplorer_basketball_fixtures/czech_republic_nbl.csv,nan,FINISHED,,113.0,69.0,CORRECT,NOT_OFFICIAL_ENTRY,https://nbl.basketball/zapasy?c1=6752&c2=7997,Czech NBL playoff; NBL official results listed ERA Basketball Nymburk 113 vs NH Ostrava 69.,,
2026-05-01T18:58:09+01:00,8,basketball,2026-04-30,Europe Euroleague,Olympiacos,Monaco,Olympiacos,no,WATCH,NO_BET_LOW_VALUE,0.0,0.781588,1.279,1.21,1.279,2026-04-30T13:44:59+01:00,1XBET_PUBLIC_API,Euroleague,2026-04-30,2026-04-30T18:00:00+00:00,6.1,FRESH,60.0,2026-04-30T18:00:00+00:00,308.9,SCHEDULED,1XBET_MANUAL,1.279,1.299,1.54,-0.03,PRICE_TARGET_NEAR,PRICE_TARGET_ONLY,ev_below_minimum;price_below_target,67.58,market_consensus_strategy,PUBLIC_ODDS_CONFIRMED,30.4005,NORMAL_FAV,data/raw/betexplorer_basketball_fixtures/europe_euroleague.csv,nan,FINISHED,,94.0,64.0,CORRECT,NOT_OFFICIAL_ENTRY,https://fscore.net/basketball/game_info/bc-olympiakos-piraeus-as-monaco-2026-04-30,EuroLeague; fscore listed BC Olympiakos Piraeus 94 vs Monaco 64.,716691446,328249408
2026-05-01T18:58:09+01:00,35,basketball,2026-04-30,Czech Republic Nbl,Pardubice,Srsni Pisek,Pardubice,no,WATCH,NO_BET_LOW_VALUE,0.0,0.799302,1.15,1.15,,,,,,,,LOCAL_OR_NO_1XBET_PRICE,60.0,,,UNKNOWN_START,LOCAL_SOURCE,1.251,1.27,10.42,-8.08,NO_BET_PRICE_TOO_LOW,NO_ENTRY,ev_below_minimum;price_below_target;unconfirmed_1xbet_event,71.83,market_consensus_strategy,NEEDS_MANUAL_PLATFORM_CHECK,17.4955,NORMAL_FAV,data/raw/betexplorer_basketball_fixtures/czech_republic_nbl.csv,nan,FINISHED,,99.0,81.0,CORRECT,NOT_OFFICIAL_ENTRY,https://nbl.basketball/zapasy?c1=7726&c2=10110,Czech NBL playoff; NBL official results listed BK KVIS Pardubice 99 vs Sršni Photomate Písek 81.,,
2026-05-01T18:58:09+01:00,27,basketball,2026-04-30,Serbia Superleague,Partizan Mozzart Bet,Sloboda,Partizan Mozzart Bet,no,NO_ENTRY_VALUE,NO_BET_LOW_VALUE,0.0,0.928063,1.01,1.01,,,,,,,,LOCAL_OR_NO_1XBET_PRICE,60.0,,,UNKNOWN_START,LOCAL_SOURCE,1.078,1.094,8.28,-6.27,PRICE_TARGET_WAIT,PRICE_TARGET_ONLY,ev_below_minimum;price_below_target;unconfirmed_1xbet_event,89.93,market_consensus_strategy,NEEDS_MANUAL_PLATFORM_CHECK,26.274,VERY_LOW_RETURN,data/raw/betexplorer_basketball_fixtures/serbia_superleague.csv,nan,FINISHED,,103.0,77.0,CORRECT,NOT_OFFICIAL_ENTRY,https://www.sportytrader.com/en/results-live/kk-partizan-beograd-nis-kk-sloboda-uzice-8466643,Serbia KLS; SportyTrader listed KK Partizan Beograd Nis 103 vs KK Sloboda Uzice 77.,,
2026-05-01T18:58:09+01:00,31,basketball,2026-04-30,Slovenia Liga Otp Banka,Podcetrtek,KK Krka Novo mesto,KK Krka Novo mesto,no,NO_ENTRY_VALUE,NO_BET_BAD_ODDS,0.0,0.935733,1.0,1.0,,,,,,,,LOCAL_OR_NO_1XBET_PRICE,60.0,,,UNKNOWN_START,LOCAL_SOURCE,1.069,1.085,,,NO_BET,NO_ENTRY,price_below_target;unconfirmed_1xbet_event,91.0,market_consensus_strategy,NEEDS_MANUAL_PLATFORM_CHECK,20.2,VERY_LOW_RETURN,data/raw/betexplorer_basketball_fixtures/slovenia_liga_otp_banka.csv,nan,FINISHED,,56.0,98.0,CORRECT,NOT_OFFICIAL_ENTRY,https://www.sofascore.com/basketball/match/terme-olimia-podcetrtek-kk-krka-novo-mesto/VJjsReDb,Sofascore listed Terme Olimia Podcetrtek 56 vs Krka 98 final.,,
2026-05-01T18:58:09+01:00,32,basketball,2026-04-30,North Macedonia Super League,Rabotnicki,KK Angeli,Rabotnicki,no,NO_ENTRY_VALUE,NO_BET_BAD_ODDS,0.0,0.928571,1.0,1.0,,,,,,,,LOCAL_OR_NO_1XBET_PRICE,60.0,,,UNKNOWN_START,LOCAL_SOURCE,1.077,1.093,,,NO_BET,NO_ENTRY,price_below_target;unconfirmed_1xbet_event,90.0,market_consensus_strategy,NEEDS_MANUAL_PLATFORM_CHECK,19.75,VERY_LOW_RETURN,data/raw/betexplorer_basketball_fixtures/north_macedonia_super_league.csv,nan,FINISHED,,106.0,77.0,CORRECT,NOT_OFFICIAL_ENTRY,https://www.forebet.com/en/basketball/matches/superleague-north-macedonia/rabotnicki-kk-angeli/279188,Forebet listed Rabotnicki 106 vs KK Angeli 77 in North Macedonia Superleague.,,
2026-05-01T18:58:09+01:00,1,basketball,2026-04-30,Bulgaria Nbl,Rilski Sportist,Beroe,Rilski Sportist,no,NO_ENTRY_VALUE,NO_BET_LOW_VALUE,0.0,0.913559,1.02,1.02,1.02,2026-04-30T13:44:59+01:00,1XBET_PUBLIC_API,Bulgaria. NBL,2026-04-30,2026-04-30T16:00:00+00:00,6.1,FRESH,60.0,2026-04-30T16:00:00+00:00,188.9,SCHEDULED,1XBET_MANUAL,1.095,1.111,8.93,-6.82,PRICE_TARGET_WAIT,PRICE_TARGET_ONLY,ev_below_minimum;price_below_target,87.9,market_consensus_strategy,PUBLIC_ODDS_CONFIRMED,37.168,VERY_LOW_RETURN,data/raw/betexplorer_basketball_fixtures/bulgaria_nbl.csv,nan,FINISHED,,85.0,62.0,CORRECT,NOT_OFFICIAL_ENTRY,https://scores24.live/en/basketball/m-30-04-2026-rilski-sportist-beroe-sz,Bulgaria NBL; Scores24 listed Rilski Sportist 85 vs BC Beroe SZ 62.,716900722,328496418
2026-05-01T18:58:09+01:00,37,basketball,2026-04-30,Kosovo Superliga,Trepca,Peja,Trepca,no,WATCH,NO_BET_LOW_VALUE,0.0,0.798574,1.13,1.13,,,,,,,,LOCAL_OR_NO_1XBET_PRICE,60.0,,,UNKNOWN_START,LOCAL_SOURCE,1.252,1.271,12.48,-9.76,NO_BET_PRICE_TOO_LOW,NO_ENTRY,ev_below_minimum;price_below_target;unconfirmed_1xbet_event,71.66,market_consensus_strategy,NEEDS_MANUAL_PLATFORM_CHECK,16.831,NORMAL_FAV,data/raw/betexplorer_basketball_fixtures/kosovo_superliga.csv,nan,FINISHED,,123.0,79.0,CORRECT,NOT_OFFICIAL_ENTRY,https://www.koha.net/basketboll/trepca-bindese-ne-minatori-i-afrohet-finales,KOHA reported Trepca beat Peja 123-79 in Kosovo Superliga playoff semifinal third leg.,,
2026-05-01T18:58:09+01:00,33,basketball,2026-04-30,Latvia Lbl,VEF Riga,Ventspils,VEF Riga,no,WATCH,NO_BET_LOW_VALUE,0.0,0.810084,1.13,1.13,,,,,,,,LOCAL_OR_NO_1XBET_PRICE,60.0,,,UNKNOWN_START,LOCAL_SOURCE,1.234,1.253,10.88,-8.46,NO_BET_PRICE_TOO_LOW,NO_ENTRY,ev_below_minimum;price_below_target;unconfirmed_1xbet_event,73.41,market_consensus_strategy,NEEDS_MANUAL_PLATFORM_CHECK,18.0735,NORMAL_FAV,data/raw/betexplorer_basketball_fixtures/latvia_lbl.csv,nan,FINISHED,,59.0,82.0,WRONG,NOT_OFFICIAL_ENTRY,https://fscore.net/basketball/game_info/vef-riga-bk-ventspils-2026-04-30,Latvia LBL; fscore listed VEF Riga 59 vs Ventspils 82.,,
2026-05-01T18:58:09+01:00,10,darts,2026-04-30,Modus Super Series. 2026,Dawson Murschell,Martyn Turner,Dawson Murschell,no,WATCH_DARTS_FORM_REQUIRED,NO_BET_LOW_VALUE,0.0,0.656752,1.3,1.3,1.3,2026-04-30T13:34:30+01:00,1XBET_PUBLIC_LINEFEED,Modus Super Series. 2026,2026-04-30,2026-04-30T22:15:00+00:00,16.6,FRESH,60.0,2026-04-30T22:15:00+00:00,563.9,SCHEDULED,1XBET_MANUAL,1.523,1.545,18.88,-14.62,NO_BET_PRICE_TOO_LOW,NO_ENTRY,ev_below_minimum;price_below_target,77.76,public_market_watch_strategy,PUBLIC_ODDS_CONFIRMED,29.875,NORMAL_FAV,1xbet_public_linefeed_sport_21,WATCH_ONLY: require recent form/leg format model before review.,FINISHED,,3.0,4.0,WRONG,NOT_OFFICIAL_ENTRY,https://www.live-darts.com/player/turner-martyn/,LiveDarts recent results listed Martyn Turner beat Dawson Murschell 4-3 on 30/04/2026.,716963934.0,328539842.0
2026-05-01T18:58:09+01:00,16,darts,2026-04-30,Modus Super Series. 2026,Dylan Grazier,Llew Bevan,Llew Bevan,no,WATCH_DARTS_FORM_REQUIRED,NO_BET_LOW_VALUE,0.0,0.620586,1.37,1.37,1.37,2026-04-30T13:34:30+01:00,1XBET_PUBLIC_LINEFEED,Modus Super Series. 2026,2026-04-30,2026-04-30T15:20:00+00:00,16.6,FRESH,60.0,2026-04-30T15:20:00+00:00,148.9,SCHEDULED,1XBET_MANUAL,1.611,1.636,19.38,-14.98,NO_BET_PRICE_TOO_LOW,NO_ENTRY,ev_below_minimum;price_below_target,75.14,public_market_watch_strategy,PUBLIC_ODDS_CONFIRMED,28.57,NORMAL_FAV,1xbet_public_linefeed_sport_21,WATCH_ONLY: require recent form/leg format model before review.,FINISHED,,1.0,4.0,CORRECT,NOT_OFFICIAL_ENTRY,https://scores24.live/en/darts/m-30-04-2026-grazier-dylan-bevan-llew-j,Scores24 listed Llew-J Bevan beat Dylan Grazier 4-1.,716964421.0,328539818.0
2026-05-01T18:58:09+01:00,18,darts,2026-04-30,Modus Super Series. 2026,Llew Bevan,Jack Smith,Llew Bevan,no,WATCH_DARTS_FORM_REQUIRED,NO_BET_LOW_VALUE,0.0,0.606345,1.4,1.4,1.4,2026-04-30T13:34:30+01:00,1XBET_PUBLIC_LINEFEED,Modus Super Series. 2026,2026-04-30,2026-04-30T14:25:00+00:00,16.6,FRESH,60.0,2026-04-30T14:25:00+00:00,93.9,SCHEDULED,1XBET_MANUAL,1.649,1.674,19.57,-15.11,NO_BET_PRICE_TOO_LOW,NO_ENTRY,ev_below_minimum;price_below_target,74.2,public_market_watch_strategy,PUBLIC_ODDS_CONFIRMED,28.1015,NORMAL_FAV,1xbet_public_linefeed_sport_21,WATCH_ONLY: require recent form/leg format model before review.,FINISHED,,4.0,3.0,CORRECT,NOT_OFFICIAL_ENTRY,https://scores24.live/en/darts/m-30-04-2026-grazier-dylan-bevan-llew-j,Scores24 recent results for Llew-J Bevan listed a 4-3 win over Jack Smith on 30.04.26.,716968312.0,328539826.0
2026-05-01T18:58:09+01:00,20,darts,2026-04-30,Modus Super Series. 2026,Mark Dudbridge,Martyn Turner,Mark Dudbridge,no,WATCH_DARTS_FORM_REQUIRED,NO_BET_LOW_VALUE,0.0,0.588034,1.44,1.44,1.44,2026-04-30T13:34:30+01:00,1XBET_PUBLIC_LINEFEED,Modus Super Series. 2026,2026-04-30,2026-04-30T23:10:00+00:00,16.6,FRESH,60.0,2026-04-30T23:10:00+00:00,618.9,SCHEDULED,1XBET_MANUAL,1.701,1.726,19.87,-15.32,NO_BET_PRICE_TOO_LOW,NO_ENTRY,ev_below_minimum;price_below_target,73.06,public_market_watch_strategy,PUBLIC_ODDS_CONFIRMED,27.515,NORMAL_FAV,1xbet_public_linefeed_sport_21,WATCH_ONLY: require recent form/leg format model before review.,FINISHED,,4.0,0.0,CORRECT,NOT_OFFICIAL_ENTRY,https://scores24.live/en/darts/m-30-04-2026-dudbridge-mark-turner-martyn,Scores24 listed Mark Dudbridge beat Martyn Turner 4-0.,716963942.0,328539820.0
2026-05-01T18:58:09+01:00,13,darts,2026-04-30,Modus Super Series. 2026,Michael Huntley,Dylan Grazier,Michael Huntley,no,WATCH_DARTS_FORM_REQUIRED,NO_BET_LOW_VALUE,0.0,0.641347,1.33,1.33,1.33,2026-04-30T13:34:30+01:00,1XBET_PUBLIC_LINEFEED,Modus Super Series. 2026,2026-04-30,2026-04-30T14:10:00+00:00,16.6,FRESH,60.0,2026-04-30T14:10:00+00:00,78.9,SCHEDULED,1XBET_MANUAL,1.559,1.583,18.99,-14.7,NO_BET_PRICE_TOO_LOW,NO_ENTRY,ev_below_minimum;price_below_target,76.65,public_market_watch_strategy,PUBLIC_ODDS_CONFIRMED,29.3475,NORMAL_FAV,1xbet_public_linefeed_sport_21,WATCH_ONLY: require recent form/leg format model before review.,FINISHED,,4.0,1.0,CORRECT,NOT_OFFICIAL_ENTRY,https://scores24.live/en/darts/m-30-04-2026-huntley-michael-grazier-dylan,Scores24 listed Michael Huntley beat Dylan Grazier 4-1.,716963930.0,328531812.0
2026-05-01T18:58:09+01:00,19,darts,2026-04-30,PDC Premier League. 2026,Stephen Bunting,Gerwyn Price,Gerwyn Price,no,WATCH_DARTS_FORM_REQUIRED,NO_BET_LOW_VALUE,0.0,0.595281,1.43,1.43,1.43,2026-04-30T13:34:30+01:00,1XBET_PUBLIC_LINEFEED,PDC Premier League. 2026,2026-04-30,2026-04-30T18:45:00+00:00,16.6,FRESH,60.0,2026-04-30T18:45:00+00:00,353.9,SCHEDULED,1XBET_MANUAL,1.68,1.705,19.24,-14.87,NO_BET_PRICE_TOO_LOW,NO_ENTRY,ev_below_minimum;price_below_target,73.74,public_market_watch_strategy,PUBLIC_ODDS_CONFIRMED,27.9785,NORMAL_FAV,1xbet_public_linefeed_sport_21,WATCH_ONLY: require recent form/leg format model before review.,FINISHED,,5.0,6.0,CORRECT,NOT_OFFICIAL_ENTRY,https://www.skysports.com/darts/video/30998/13538628/premier-league-darts-gerwyn-price-snatches-final-leg-decider-over-stephen-bunting,Sky Sports reported Gerwyn Price beat Stephen Bunting 6-5 in Aberdeen.,715250756.0,326700888.0
2026-05-01T18:58:09+01:00,24,futsal,2026-04-30,Russian Championship. Higher Division,TZMS,Fakel Yamal,TZMS,no,WATCH_FUTSAL_VOLATILITY,NO_BET_LOW_VALUE,0.0,0.565546,1.454,1.454,1.454,2026-04-30T13:44:03+01:00,1XBET_PUBLIC_LINEFEED,Russian Championship. Higher Division,2026-04-30,2026-04-30T16:00:00+00:00,7.0,FRESH,60.0,2026-04-30T16:00:00+00:00,188.9,SCHEDULED,1XBET_MANUAL,1.768,1.795,23.43,-17.77,NO_BET_PRICE_TOO_LOW,NO_ENTRY,ev_below_minimum;price_below_target,68.24,public_market_watch_strategy,PUBLIC_ODDS_CONFIRMED,24.4885,NORMAL_FAV,1xbet_public_linefeed_sport_14,WATCH_ONLY: high-scoring volatility; require league-specific model and lineup/context checks.,FINISHED,,2.0,1.0,CORRECT,NOT_OFFICIAL_ENTRY,https://fakelmf.ru/games/666.html,Fakel Yamal official match card listed TZMS 2 Fakel Yamal 1 on 30.04.2026.,717071641.0,328699736.0
2026-05-01T18:58:09+01:00,21,handball,2026-04-30,France. Division 2,Angers Noyant,Creteil,Creteil,no,WATCH_HANDBALL_RETUNE,NO_BET_LOW_VALUE,0.0,0.617142,1.39,1.38,1.39,2026-04-30T13:44:03+01:00,1XBET_PUBLIC_LINEFEED,France. Division 2,2026-04-30,2026-04-30T18:30:00+00:00,7.0,FRESH,60.0,2026-04-30T18:30:00+00:00,338.9,SCHEDULED,1XBET_MANUAL,1.62,1.645,18.32,-14.22,NO_BET_PRICE_TOO_LOW,NO_ENTRY,ev_below_minimum;price_below_target,72.15,public_market_watch_strategy,PUBLIC_ODDS_CONFIRMED,27.4905,NORMAL_FAV,1xbet_public_linefeed_sport_8,"WATCH_ONLY: require retuned league accuracy >= 72%, current fixtures, and removal of weak leagues.",FINISHED,,29.0,34.0,CORRECT,NOT_OFFICIAL_ENTRY,https://www.the-sports.org/handball-s8.html,The-Sports listed Angers SCO HB 29-34 US Creteil HB on 30 April 2026.,717064379.0,327911598.0
2026-05-01T18:58:09+01:00,25,hockey,2026-04-30,Friendlies. National Teams,Austria,Germany,Germany,no,WATCH_HOCKEY_GOALIE_REST_REQUIRED,NO_BET_LOW_VALUE,0.0,0.546696,1.58,1.58,1.58,2026-04-30T13:44:03+01:00,1XBET_PUBLIC_LINEFEED,Friendlies. National Teams,2026-04-30,2026-04-30T17:00:00+00:00,7.0,FRESH,60.0,2026-04-30T17:00:00+00:00,248.9,SCHEDULED,1XBET_MANUAL,1.829,1.857,17.51,-13.62,NO_BET_PRICE_TOO_LOW,NO_ENTRY,ev_below_minimum;price_below_target,62.15,public_market_watch_strategy,PUBLIC_ODDS_CONFIRMED,23.2005,VALUE_OR_VOLATILE,1xbet_public_linefeed_sport_2,"WATCH_ONLY: require current fixture refresh, goalie/rest check, no overtime-market confusion, and verified match-winner market.",FINISHED,,3.0,4.0,CORRECT,NOT_OFFICIAL_ENTRY,https://www.sofascore.com/ice-hockey/match/germany-austria/vocsHoc,Sofascore listed Germany beat Austria 4-3 in international friendly ice hockey.,716752341.0,328224802.0
2026-05-01T18:58:09+01:00,26,hockey,2026-04-30,Friendlies,Chelny,Neftekhimik,Neftekhimik,no,WATCH_HOCKEY_GOALIE_REST_REQUIRED,NO_BET_LOW_VALUE,0.0,0.552342,1.55,1.55,1.55,2026-04-30T13:44:03+01:00,1XBET_PUBLIC_LINEFEED,Friendlies,2026-04-30,2026-04-30T15:30:00+00:00,7.0,FRESH,60.0,2026-04-30T15:30:00+00:00,158.9,SCHEDULED,1XBET_MANUAL,1.81,1.838,18.56,-14.39,NO_BET_PRICE_TOO_LOW,NO_ENTRY,ev_below_minimum;price_below_target,62.1,public_market_watch_strategy,PUBLIC_ODDS_CONFIRMED,22.9085,NORMAL_FAV,1xbet_public_linefeed_sport_2,"WATCH_ONLY: require current fixture refresh, goalie/rest check, no overtime-market confusion, and verified match-winner market.",FINISHED,,6.0,11.0,CORRECT,NOT_OFFICIAL_ENTRY,https://hcnh.ru/news/club-life/neftekhimik-sobral-anshlag-v-naberezhnykh-chelnakh/,Neftekhimik official report listed a 11-6 away win over HK Chelny.,717113932.0,328740636.0
2026-05-01T18:58:09+01:00,14,tennis,2026-04-30,WTA. La Bisbal d'Emporda. Doubles,Bassols Ribera/Bolsova Zadoinova,Mihalikova/Nicholls,Mihalikova/Nicholls,no,WATCH_TENNIS_MODEL_REQUIRED,NO_BET_LOW_VALUE,0.0,0.601534,1.42,1.42,1.42,2026-04-30T13:34:30+01:00,1XBET_PUBLIC_LINEFEED,WTA. La Bisbal d'Emporda. Doubles,2026-04-30,2026-04-30T14:37:00+00:00,16.6,FRESH,60.0,2026-04-30T14:37:00+00:00,105.9,SCHEDULED,1XBET_MANUAL,1.662,1.687,18.83,-14.58,NO_BET_PRICE_TOO_LOW,NO_ENTRY,ev_below_minimum;price_below_target,76.38,public_market_watch_strategy,PUBLIC_ODDS_CONFIRMED,29.268,NORMAL_FAV,1xbet_public_linefeed_sport_4,"WATCH_ONLY: require active player model, injury/withdrawal check, surface fit, exact tournament round, and event id before review.",FINISHED,,0.0,2.0,CORRECT,NOT_OFFICIAL_ENTRY,https://wtafiles.wtatennis.com/pdf/draws/2026/2081/MDD.pdf,WTA La Bisbal doubles draw listed Mihalikova / Nicholls beat Bassols Ribera / Bolsova Zadoinova 6-3 7-5.,717100817.0,328729304.0
2026-05-01T18:58:09+01:00,6,tennis,2026-04-30,ITF. Quinta-do-Lago. Doubles,Boulais/Rocha,Zhu/Pawlak,Boulais/Rocha,no,WATCH_TENNIS_MODEL_REQUIRED,NO_BET_LOW_VALUE,0.0,0.655998,1.343,1.343,1.343,2026-04-30T13:50:55+01:00,1XBET_PUBLIC_LINEFEED,ITF. Quinta-do-Lago. Doubles,2026-04-30,2026-04-30T13:30:00+00:00,0.2,FRESH,60.0,2026-04-30T13:30:00+00:00,38.9,SCHEDULED,1XBET_MANUAL,1.524,1.547,15.21,-11.9,NO_BET_PRICE_TOO_LOW,NO_ENTRY,ev_below_minimum;price_below_target,81.08,public_market_watch_strategy,PUBLIC_ODDS_CONFIRMED,32.321,NORMAL_FAV,1xbet_public_linefeed_sport_4,"WATCH_ONLY: require active player model, injury/withdrawal check, surface fit, exact tournament round, and event id before review.",FINISHED,,1.0,2.0,WRONG,NOT_OFFICIAL_ENTRY,https://www.betexplorer.com/tennis/itf-men-doubles/m25-quinta-do-lago/pawlak-piotr-zhu-michael-echeverria-john-torres-tiago/MyHX1Tpg/,BetExplorer last results for Pawlak / Zhu listed Boulais / Rocha lost 1:2 on 30.04.2026.,716943061.0,328543886.0
2026-05-01T18:58:09+01:00,7,tennis,2026-04-30,ITF. Lujan,Bruno Fernandez,Luciano Emanuel Ambrogi,Luciano Emanuel Ambrogi,no,WATCH_TENNIS_MODEL_REQUIRED,NO_BET_LOW_VALUE,0.0,0.678632,1.27,1.27,1.27,2026-04-30T13:50:55+01:00,1XBET_PUBLIC_LINEFEED,ITF. Lujan,2026-04-30,2026-04-30T13:00:00+00:00,0.2,FRESH,60.0,2026-04-30T13:00:00+00:00,8.9,CLOSE_TO_START,1XBET_MANUAL,1.474,1.496,17.77,-13.81,NO_BET_PRICE_TOO_LOW,NO_ENTRY,ev_below_minimum;price_below_target;event_close_to_start,81.19,public_market_watch_strategy,PUBLIC_ODDS_CONFIRMED,31.702,NORMAL_FAV,1xbet_public_linefeed_sport_4,"WATCH_ONLY: require active player model, injury/withdrawal check, surface fit, exact tournament round, and event id before review.",FINISHED,,0.0,2.0,CORRECT,NOT_OFFICIAL_ENTRY,https://fscore.net/tennis/draw/bruno-fernandez-luciano-emanuel-ambrogi-2026-04-30,Fscore listed Luciano Emanuel Ambrogi beat Bruno Fernandez 6-4 7-5.,717016122.0,328562926.0
2026-05-01T18:58:09+01:00,3,tennis,2026-04-30,ATP. Madrid,Flavio Cobolli,Alexander Zverev,Alexander Zverev,no,WATCH_TENNIS_MODEL_REQUIRED,NO_BET_LOW_VALUE,0.0,0.651962,1.382,1.382,1.382,2026-04-30T13:34:30+01:00,1XBET_PUBLIC_LINEFEED,ATP. Madrid,2026-04-30,2026-04-30T18:10:00+00:00,16.6,FRESH,60.0,2026-04-30T18:10:00+00:00,318.9,SCHEDULED,1XBET_MANUAL,1.534,1.557,12.65,-9.9,NO_BET_PRICE_TOO_LOW,NO_ENTRY,ev_below_minimum;price_below_target,82.23,public_market_watch_strategy,PUBLIC_ODDS_CONFIRMED,33.5385,NORMAL_FAV,1xbet_public_linefeed_sport_4,"WATCH_ONLY: require active player model, injury/withdrawal check, surface fit, exact tournament round, and event id before review.",FINISHED,,0.0,2.0,CORRECT,NOT_OFFICIAL_ENTRY,https://www.atptour.com/en/news/zverev-cobolli-madrid-2026-qf,ATP Madrid; ATP listed Alexander Zverev beat Flavio Cobolli 6-1 6-4.,716724863.0,328293808.0
2026-05-01T18:58:09+01:00,17,tennis,2026-04-30,WTA. Madrid,Hailey Baptiste,Mirra Andreeva,Mirra Andreeva,no,WATCH_TENNIS_MODEL_REQUIRED,NO_BET_LOW_VALUE,0.0,0.594948,1.443,1.504,1.443,2026-04-30T13:34:30+01:00,1XBET_PUBLIC_LINEFEED,WTA. Madrid,2026-04-30,2026-04-30T14:00:00+00:00,16.6,FRESH,60.0,2026-04-30T14:00:00+00:00,68.9,SCHEDULED,1XBET_MANUAL,1.681,1.706,18.23,-14.15,NO_BET_PRICE_TOO_LOW,NO_ENTRY,ev_below_minimum;price_below_target,74.31,public_market_watch_strategy,PUBLIC_ODDS_CONFIRMED,28.487,NORMAL_FAV,1xbet_public_linefeed_sport_4,"WATCH_ONLY: require active player model, injury/withdrawal check, surface fit, exact tournament round, and event id before review.",FINISHED,,0.0,2.0,CORRECT,NOT_OFFICIAL_ENTRY,https://www.wtatennis.com/news/4496212/andreeva-fends-off-baptiste-challenge-to-reach-madrid-final,WTA Madrid; WTA listed Mirra Andreeva beat Hailey Baptiste in straight sets.,716694660.0,328254186.0
2026-05-01T18:58:09+01:00,15,tennis,2026-04-30,ITF. Boca Raton. Women,Jordyn Hazelitt,Justina Maria Gonzalez Daniele,Justina Maria Gonzalez Daniele,no,WATCH_TENNIS_MODEL_REQUIRED,NO_BET_LOW_VALUE,0.0,0.593034,1.44,1.44,1.44,2026-04-30T13:34:30+01:00,1XBET_PUBLIC_LINEFEED,ITF. Boca Raton. Women,2026-04-30,2026-04-30T13:00:00+00:00,16.6,FRESH,60.0,2026-04-30T13:00:00+00:00,8.9,CLOSE_TO_START,1XBET_MANUAL,1.686,1.712,18.86,-14.6,NO_BET_PRICE_TOO_LOW,NO_ENTRY,ev_below_minimum;price_below_target;event_close_to_start,76.01,public_market_watch_strategy,PUBLIC_ODDS_CONFIRMED,29.0945,NORMAL_FAV,1xbet_public_linefeed_sport_4,"WATCH_ONLY: require active player model, injury/withdrawal check, surface fit, exact tournament round, and event id before review.",FINISHED,,0.0,2.0,CORRECT,NOT_OFFICIAL_ENTRY,https://fscore.net/tennis/draw/jordyn-hazelitt-justina-maria-gonzalez-daniele-2026-04-30,Free Livescore listed Justina Maria Gonzalez Daniele beat Jordyn Hazelitt 6-4 6-4.,717015662.0,328589934.0
2026-05-01T18:58:09+01:00,4,tennis,2026-04-30,WTA. Madrid,Marta Kostyuk,Anastasia Potapova,Marta Kostyuk,no,WATCH_TENNIS_MODEL_REQUIRED,NO_BET_LOW_VALUE,0.0,0.651962,1.382,1.382,1.382,2026-04-30T13:34:30+01:00,1XBET_PUBLIC_LINEFEED,WTA. Madrid,2026-04-30,2026-04-30T19:30:00+00:00,16.6,FRESH,60.0,2026-04-30T19:30:00+00:00,398.9,SCHEDULED,1XBET_MANUAL,1.534,1.557,12.65,-9.9,NO_BET_PRICE_TOO_LOW,NO_ENTRY,ev_below_minimum;price_below_target,82.23,public_market_watch_strategy,PUBLIC_ODDS_CONFIRMED,33.5385,NORMAL_FAV,1xbet_public_linefeed_sport_4,"WATCH_ONLY: require active player model, injury/withdrawal check, surface fit, exact tournament round, and event id before review.",FINISHED,,2.0,1.0,CORRECT,NOT_OFFICIAL_ENTRY,https://www.wtatennis.com/tournaments/1038/madrid/2026/scores/LS003,WTA Madrid; official score page listed Marta Kostyuk beat Anastasia Potapova 6-2 1-6 6-1.,716958929.0,328551528.0
2026-05-01T18:58:09+01:00,11,tennis,2026-04-30,Challenger. Ostrava. Doubles,Nicod/Hermans,Kolar/Mrva,Kolar/Mrva,no,WATCH_TENNIS_MODEL_REQUIRED,NO_BET_LOW_VALUE,0.0,0.606433,1.42,1.41,1.42,2026-04-30T13:34:30+01:00,1XBET_PUBLIC_LINEFEED,Challenger. Ostrava. Doubles,2026-04-30,2026-04-30T13:00:00+00:00,16.6,FRESH,60.0,2026-04-30T13:00:00+00:00,8.9,CLOSE_TO_START,1XBET_MANUAL,1.649,1.674,17.87,-13.89,NO_BET_PRICE_TOO_LOW,NO_ENTRY,ev_below_minimum;price_below_target;event_close_to_start,76.66,public_market_watch_strategy,PUBLIC_ODDS_CONFIRMED,29.6355,NORMAL_FAV,1xbet_public_linefeed_sport_4,"WATCH_ONLY: require active player model, injury/withdrawal check, surface fit, exact tournament round, and event id before review.",FINISHED,,2.0,1.0,WRONG,NOT_OFFICIAL_ENTRY,https://www.tennisexplorer.com/player/mrva/?annual=2026&type=doubles,Tennis Explorer doubles results listed Herma / Nicod beat Kolar / Mrva 4-6 6-4 11-9.,717086891.0,328557558.0
2026-05-01T18:58:09+01:00,5,tennis,2026-04-30,ITF. Mbombela. Doubles,O'Connell/Talic,Aleshchev/Matta,Aleshchev/Matta,no,WATCH_TENNIS_MODEL_REQUIRED,NO_BET_LOW_VALUE,0.0,0.655998,1.343,1.343,1.343,2026-04-30T13:34:30+01:00,1XBET_PUBLIC_LINEFEED,ITF. Mbombela. Doubles,2026-04-30,2026-04-30T13:00:00+00:00,16.6,FRESH,60.0,2026-04-30T13:00:00+00:00,8.9,CLOSE_TO_START,1XBET_MANUAL,1.524,1.547,15.21,-11.9,NO_BET_PRICE_TOO_LOW,NO_ENTRY,ev_below_minimum;price_below_target;event_close_to_start,81.08,public_market_watch_strategy,PUBLIC_ODDS_CONFIRMED,32.321,NORMAL_FAV,1xbet_public_linefeed_sport_4,"WATCH_ONLY: require active player model, injury/withdrawal check, surface fit, exact tournament round, and event id before review.",FINISHED,,2.0,0.0,WRONG,NOT_OFFICIAL_ENTRY,https://www.tennisexplorer.com/player/o-connell-6a282/?annual=2026&type=doubles,Tennis Explorer doubles results listed O'Con / Talic beat Alesh / Matta 6-3 6-3 in Mbombela.,716740054.0,328317842.0
2026-05-01T18:58:09+01:00,12,tennis,2026-04-30,WTA. La Bisbal d'Emporda,Rebeka Masarova,Elena Pridankina,Rebeka Masarova,no,WATCH_TENNIS_MODEL_REQUIRED,NO_BET_LOW_VALUE,0.0,0.606433,1.41,1.41,1.41,2026-04-30T13:34:30+01:00,1XBET_PUBLIC_LINEFEED,WTA. La Bisbal d'Emporda,2026-04-30,2026-04-30T13:37:00+00:00,16.6,FRESH,60.0,2026-04-30T13:37:00+00:00,45.9,SCHEDULED,1XBET_MANUAL,1.649,1.674,18.7,-14.49,NO_BET_PRICE_TOO_LOW,NO_ENTRY,ev_below_minimum;price_below_target,76.66,public_market_watch_strategy,PUBLIC_ODDS_CONFIRMED,29.4255,NORMAL_FAV,1xbet_public_linefeed_sport_4,"WATCH_ONLY: require active player model, injury/withdrawal check, surface fit, exact tournament round, and event id before review.",FINISHED,,1.0,2.0,WRONG,NOT_OFFICIAL_ENTRY,https://www.sportytrader.com/en/results-live/rebeka-masarova-elena-pridankina-8467703/,SportyTrader listed Elena Pridankina beat Rebeka Masarova 2-6 6-2 6-1.,716653979.0,328202516.0
2026-05-01T18:58:09+01:00,9,tennis,2026-04-30,ITF. Lujan,Tomas Martinez,Carlos Maria Zarate,Carlos Maria Zarate,no,WATCH_TENNIS_MODEL_REQUIRED,NO_BET_LOW_VALUE,0.0,0.624336,1.39,1.373,1.39,2026-04-30T13:34:30+01:00,1XBET_PUBLIC_LINEFEED,ITF. Lujan,2026-04-30,2026-04-30T13:00:00+00:00,16.6,FRESH,60.0,2026-04-30T13:00:00+00:00,8.9,CLOSE_TO_START,1XBET_MANUAL,1.602,1.626,16.96,-13.22,NO_BET_PRICE_TOO_LOW,NO_ENTRY,ev_below_minimum;price_below_target;event_close_to_start,77.69,public_market_watch_strategy,PUBLIC_ODDS_CONFIRMED,30.3335,NORMAL_FAV,1xbet_public_linefeed_sport_4,"WATCH_ONLY: require active player model, injury/withdrawal check, surface fit, exact tournament round, and event id before review.",FINISHED,,1.0,2.0,CORRECT,NOT_OFFICIAL_ENTRY,https://azscore.com/ro/tennis/predictions/tomas-martinez-carlos-maria-zarate-2026-04-30,Azscore listed Carlos Maria Zarate beat Tomas Martinez 2-1 and marked the match finished.,717016120.0,328563590.0
2026-05-01T18:58:09+01:00,23,volleyball,2026-04-30,Poland. PlusLiga,Asseco Resovia Rzeszow,Projekt Warsaw,Asseco Resovia Rzeszow,no,WATCH_VOLLEYBALL_SET_VOLATILITY,NO_BET_LOW_VALUE,0.0,0.581671,1.45,1.47,1.45,2026-04-30T13:44:03+01:00,1XBET_PUBLIC_LINEFEED,Poland. PlusLiga,2026-04-30,2026-04-30T15:30:00+00:00,7.0,FRESH,60.0,2026-04-30T15:30:00+00:00,158.9,SCHEDULED,1XBET_MANUAL,1.719,1.745,20.34,-15.66,NO_BET_PRICE_TOO_LOW,NO_ENTRY,ev_below_minimum;price_below_target,69.68,public_market_watch_strategy,PUBLIC_ODDS_CONFIRMED,25.875,NORMAL_FAV,1xbet_public_linefeed_sport_6,"WATCH_ONLY: build set-level volatility model, check rotation/news, and require stable match-winner mapping before review.",FINISHED,,3.0,0.0,CORRECT,NOT_OFFICIAL_ENTRY,https://www.plusliga.pl/games/action/stats/id/1104657.html,PlusLiga official stats listed Asseco Resovia Rzeszow 3 vs PGE Projekt Warszawa 0.,716526726.0,328071702.0
2026-05-01T18:58:09+01:00,22,volleyball,2026-04-30,Kosovo Championship,Luboteni Ferizaj,KV Ferizaj,KV Ferizaj,no,WATCH_VOLLEYBALL_SET_VOLATILITY,NO_BET_LOW_VALUE,0.0,0.607811,1.391,1.391,1.391,2026-04-30T13:44:03+01:00,1XBET_PUBLIC_LINEFEED,Kosovo Championship,2026-04-30,2026-04-30T18:25:00+00:00,7.0,FRESH,60.0,2026-04-30T18:25:00+00:00,333.9,SCHEDULED,1XBET_MANUAL,1.645,1.67,20.05,-15.45,NO_BET_PRICE_TOO_LOW,NO_ENTRY,ev_below_minimum;price_below_target,71.01,public_market_watch_strategy,PUBLIC_ODDS_CONFIRMED,26.547,NORMAL_FAV,1xbet_public_linefeed_sport_6,"WATCH_ONLY: build set-level volatility model, check rotation/news, and require stable match-winner mapping before review.",FINISHED,,0.0,3.0,CORRECT,NOT_OFFICIAL_ENTRY,https://www.funsclub.com/en-us/all/volleyball/2026-04-30,Funsclub listed Luboteni 0 KV Ferizaj 3 as finished on 30 April 2026.,717119593.0,328746914.0
